Sensor,On/Off Rate,Sensor Sequence,Trigger Sequence
1,9.306930693,UCUUCAGCCUCCAUGUGUCAUUCUUCUCACUCUCAAGUUAUAGUUAUGAACAGAGGAGACAUAACAUGAACUUGAGAAACCAAGUUAACCUGGCGGCAGCGCAAAAG,UUGAGAGUGAGAAGAAUGACACAUGGAGGCUGAAGA
2,4.158415842,AAAUUCCCCUUGUUUCUUUUCUCUUUUUCCCAUCAUGUUAUAGUUAUGAACAGAGGAGACAUAACAUGAACAUGAUGAACCAUGUUAACCUGGCGGCAGCGCAAAAG,AUGAUGGGAAAAAGAGAAAAGAAACAAGGGGAAUUU
3,7.821782178,UUUCGCUCUAUUCUCAUCAGUUUCAUGUCCUGUGUCGUUAUAGUUAUGAACAGAGGAGACAUAACAUGAACGACACAAACGUCGUUAACCUGGCGGCAGCGCAAAAG,GACACAGGACAUGAAACUGAUGAGAAUAGAGCGAAA
4,11.18811881,GCUCCCCUUCUACUGAUCUCCACAUGAUGUUUUCCAGUUAUAGUUAUGAACAGAGGAGACAUAACAUGAACUGGAAAAACCCAGUUAACCUGGCGGCAGCGCAAAAG,UGGAAAACAUCAUGUGGAGAUCAGUAGAAGGGGAGC
5,1.089108911,AACUUCUUUAUUAUUUCCAUAGCCUCUUUUUUCCCCGUUAUAGUUAUGAACAGAGGAGACAUAACAUGAACGGGGAAAACCCCGUUAACCUGGCGGCAGCGCAAAAG,GGGGAAAAAAGAGGCUAUGGAAAUAAUAAAGAAGUU
6,1.584158416,AGGGUGGCUUCGGCUCUUGGUGAAUUGGGCGUUAUCGUUAUAGUUAUGAACAGAGGAGACAUAACAUGAACGAUAACAACAUCGUUAACCUGGCGGCAGCGCAAAAG,GAUAACGCCCAAUUCACCAAGAGCCGAAGCCACCCU
7,24.45544554,CUUCCACUGCAGUCUUCCACUCUUUUUCCUCUUCAAGUUAUAGUUAUGAACAGAGGAGACAUAACAUGAACUUGAAGAACCAAGUUAACCUGGCGGCAGCGCAAAAG,UUGAAGAGGAAAAAGAGUGGAAGACUGCAGUGGAAG
8,26.23762376,CUGGGAUCAAGUACAUGUAGUGCGCCACGAGCAAAAGUUAUAGUUAUGAACAGAGGAGACAUAACAUGAACUUUUGCAACAAAGUUAACCUGGCGGCAGCGCAAAAG,UUUUGCUCGUGGCGCACUACAUGUACUUGAUCCCAG
9,0.99009901,ACUAUUAGGGUCAGGGGUGUUAAUUGUGAGUAGCAAGUUAUAGUUAUGAACAGAGGAGACAUAACAUGAACUUGCUAAACCAAGUUAACCUGGCGGCAGCGCAAAAG,UUGCUACUCACAAUUAACACCCCUGACCCUAAUAGU
10,0.99009901,CAUCGCCAUUAAGGAGUAGUUGUUGUAUGAGGUGGUGUUAUAGUUAUGAACAGAGGAGACAUAACAUGAACACCACCAACGGUGUUAACCUGGCGGCAGCGCAAAAG,ACCACCUCAUACAACAACUACUCCUUAAUGGCGAUG
11,3.168316832,CACUGCCAUUGAUGUGCUUAUGAUGAUCUUUGUGGUGUUAUAGUUAUGAACAGAGGAGACAUAACAUGAACACCACAAACGGUGUUAACCUGGCGGCAGCGCAAAAG,ACCACAAAGAUCAUCAUAAGCACAUCAAUGGCAGUG
12,12.27722772,CCCACUCUUGAUGUUUUGUUUUCUGGAACUCUGUCUGUUAUAGUUAUGAACAGAGGAGACAUAACAUGAACAGACAGAACUCUGUUAACCUGGCGGCAGCGCAAAAG,AGACAGAGUUCCAGAAAACAAAACAUCAAGAGUGGG
13,2.574257426,AUCUUUAGCCCGGAACGACAGUGGGGGCAUUGUGCAGUUAUAGUUAUGAACAGAGGAGACAUAACAUGAACUGCACAAACGCAGUUAACCUGGCGGCAGCGCAAAAG,UGCACAAUGCCCCCACUGUCGUUCCGGGCUAAAGAU
14,4.653465347,UGCUUCUUUGUUGUUCCAGUGUGGAGUUCCGGUGUCGUUAUAGUUAUGAACAGAGGAGACAUAACAUGAACGACACCAACGUCGUUAACCUGGCGGCAGCGCAAAAG,GACACCGGAACUCCACACUGGAACAACAAAGAAGCA
14,1.782178218,ACUCCAAAAGCCGCUCCUCUUUUCCCAGCGGCAAACGUUAUAGUUAUGAACAGAGGAGACAUAACAUGAACGUUUGCAACAACGUUAACCUGGCGGCAGCGCAAAAG,GUUUGCCGCUGGGAAAAGAGGAGCGGCUUUUGGAGU
15,7.722772277,ACUCUUUUCUCUCCGUGUCUGGUCCACACUUCUGCCGUUAUAGUUAUGAACAGAGGAGACAUAACAUGAACGGCAGAAACGCCGUUAACCUGGCGGCAGCGCAAAAG,GGCAGAAGUGUGGACCAGACACGGAGAGAAAAGAGU
16,5.544554455,GGACUUUGGCCAUUCACAUGUUUUCAUCUCGAUCAGGUUAUAGUUAUGAACAGAGGAGACAUAACAUGAACCUGAUCAACCAGGUUAACCUGGCGGCAGCGCAAAAG,CUGAUCGAGAUGAAAACAUGUGAAUGGCCAAAGUCC
17,1.881188119,UUGGUUGUCCUGGGGAGAUCUUUGCUUUUCUGGCUCGUUAUAGUUAUGAACAGAGGAGACAUAACAUGAACGAGCCAAACCUCGUUAACCUGGCGGCAGCGCAAAAG,GAGCCAGAAAAGCAAAGAUCUCCCCAGGACAACCAA
18,7.425742574,AAUGAGUUGCACCACUAGGUUGGUAAAUGUGUUAAGGUUAUAGUUAUGAACAGAGGAGACAUAACAUGAACCUUAACAACAAGGUUAACCUGGCGGCAGCGCAAAAG,CUUAACACAUUUACCAACCUAGUGGUGCAACUCAUU
19,1.584158416,CUUCAACGUCGUUAUAGACGAACACCCCUGUACCGCGUUAUAGUUAUGAACAGAGGAGACAUAACAUGAACGCGGUAAACCGCGUUAACCUGGCGGCAGCGCAAAAG,GCGGUACAGGGGUGUUCGUCUAUAACGACGUUGAAG
20,1.386138614,CCACAAGUCUUGCAUCUCUAGAACUUCCUCAGCCUCGUUAUAGUUAUGAACAGAGGAGACAUAACAUGAACGAGGCUAACCUCGUUAACCUGGCGGCAGCGCAAAAG,GAGGCUGAGGAAGUUCUAGAGAUGCAAGACUUGUGG
21,8.910891089,AUUCCUCAAACCGAAUUUCAAGCUCUUCACUGUGCCGUUAUAGUUAUGAACAGAGGAGACAUAACAUGAACGGCACAAACGCCGUUAACCUGGCGGCAGCGCAAAAG,GGCACAGUGAAGAGCUUGAAAUUCGGUUUGAGGAAU
22,19.10891089,UAUGGUUGCCCCCUCCUCUCUCCUUCCCAUUAGAUGGUUAUAGUUAUGAACAGAGGAGACAUAACAUGAACCAUCUAAACAUGGUUAACCUGGCGGCAGCGCAAAAG,CAUCUAAUGGGAAGGAGAGAGGAGGGGGCAACCAUA
23,7.722772277,AUCAUUCAAGAACCUGAGGGCAUGUGCAAACCUAUCGUUAUAGUUAUGAACAGAGGAGACAUAACAUGAACGAUAGGAACAUCGUUAACCUGGCGGCAGCGCAAAAG,GAUAGGUUUGCACAUGCCCUCAGGUUCUUGAAUGAU
