Sensor,On/Off Rate,Sensor Sequence,Trigger Sequence,Amplification sequence
25,6.186666667,CACUGCCAUUGAUGUGCUUAUGAUGAUCUUUGUGGUGGACUUUAGAACAGAGGAGAUAAAGAUGACCACAAAGAUAAACCUGGCGGCAGCGCAAAAG,UUGAGAGUGAGAAGAAUGACACAUGGAGGCUGAAGA,GGGCAGUGAUCUAGGCUACUGGAUUGAGAGUGAGAAGAAUGACACAUGGAGGCUGAAGAGGGCCCAUCUGAUCGAGAUGAAAACAUGUGAAUGGCCAAAGUCCCACACAUUGUGGACAGAUGGAAUAGAAGAGAGUGAUCUGAUCAUACCCAAGUCUUUAGCUGGGC
26,11.09333333,AGGGUGGCUUCGGCUCUUGGUGAAUUGGGCGUUAUCGGACUUUAGAACAGAGGAGAUAAAGAUGGAUAACGCCCAUAACCUGGCGGCAGCGCAAAAG,AUGAUGGGAAAAAGAGAAAAGAAACAAGGGGAAUUU,GGGUGCCAGAGUUGUGUGUACAACAUGAUGGGAAAAAGAGAAAAGAAACAAGGGGAAUUUGGAAAGGCCAAGGGCAGCCGCGCCAUCUGGUAUAUGUGGCUAGGGGCUAGAUUUCUAGAGUUCGAAGCCCUUGGAUUCUUGAACGAGGAUCACUGGAUGG
27,34.13333333,UCUUCAGCCUCCAUGUGUCAUUCUUCUCACUCUCAAGGACUUUAGAACAGAGGAGAUAAAGAUGUUGAGAGUGAGUAACCUGGCGGCAGCGCAAAAG,GACACAGGACAUGAAACUGAUGAGAAUAGAGCGAAA,GGGCCAGCACAGUGGGAUGAUCGUUAAUGACACAGGACAUGAAACUGAUGAGAAUAGAGCGAAAGUUGAGAUAACGCCCAAUUCACCAAGAGCCGAAGCCACCCUGGGGGGGUUUGGAAGCCUAGGACUUGAUUGUGAACCGAGGACAGG
28,7.36,CAUCGCCAUUAAGGAGUAGUUGUUGUAUGAGGUGGUGGACUUUAGAACAGAGGAGAUAAAGAUGACCACCUCAUAUAACCUGGCGGCAGCGCAAAAG,UGGAAAACAUCAUGUGGAGAUCAGUAGAAGGGGAGC,GGGCGGGAUCUCCUCUGUUUCAAGAAUGGAAAACAUCAUGUGGAGAUCAGUAGAAGGGGAGCUCAACGCAAUCCUGGAAGAGAAUGGAGUUCAACUGACGGUCGUUGUGGGAUCUGUAAAAAACCCCAUGUGGAGAGGUCCACAGAGAUU
28,2.986666667,UUGGUUGUCCUGGGGAGAUCUUUGCUUUUCUGGCUCGGACUUUAGAACAGAGGAGAUAAAGAUGGAGCCAGAAAAGAACCUGGCGGCAGCGCAAAAG,GGGGAAAAAAGAGGCUAUGGAAAUAAUAAAGAAGUU,GGGCCAUCACUGGGUCUCAUCAAUAGAUGGGGUUCAGUGGGGAAAAAAGAGGCUAUGGAAAUAAUAAAGAAGUUCAAGAAAGAUCUGGCUGCCAUGCUGAGAAUAAUCAAUGCUAGGAAGGAGAAGAAGAGACGAGGCGCAGAUACUAGUGUCGGAAUUGUUGGCCUC
29,2.666666667,AAUGAGUUGCACCACUAGGUUGGUAAAUGUGUUAAGGGACUUUAGAACAGAGGAGAUAAAGAUGCUUAACACAUUGAACCUGGCGGCAGCGCAAAAG,GAUAACGCCCAAUUCACCAAGAGCCGAAGCCACCCU,GGGAAUGCUGUCAGUUCAUGGCUCCCAGCACAGUGGGAUGAUCGUUAAUGACACAGGACAUGAAACUGAUGAGAAUAGAGCGAAAGUUGAGAUAACGCCCAAUUCACCAAGAGCCGAAGCCACCCUGGGGGGGUUUGGAAGCCUAGGACUUGAUUGUGAACCGAGGACAGG
30,0.746666667,UAUGGUUGCCCCCUCCUCUCUCCUUCCCAUUAGAUGGGACUUUAGAACAGAGGAGAUAAAGAUGCAUCUAAUGGGAAACCUGGCGGCAGCGCAAAAG,UUGAAGAGGAAAAAGAGUGGAAGACUGCAGUGGAAG,GGGAGAAGGAUGGUCUCUUCCUGGUUGUGGAAAGAGCUAGGCAAACACAAACGGCCACGAGUCUGUACCAAAGAAGAGUUCAUCAACAAGGUUCGUAGCAAUGCAGCAUUAGGGGCAAUAUUUGAAGAGGAAAAAGAGUGGAAGACUGCAGUGGAAGCUGUGAACGAUCCAAGGUUCUGGGCUCUAGUGGACAAGGAAAGA
31,19.09333333,AACUUCUUUAUUAUUUCCAUAGCCUCUUUUUUCCCCGGACUUUAGAACAGAGGAGAUAAAGAUGGGGGAAAAAAGAAACCUGGCGGCAGCGCAAAAG,UUUUGCUCGUGGCGCACUACAUGUACUUGAUCCCAG,GGGCUGACCCUAAUAGUGGCCAUCAUUUUGCUCGUGGCGCACUACAUGUACUUGAUCCCAGGGCUGCAGGCAGCAGCUGCGCGUGCUGCCCAGAAGAGAACGGCAGCUGGCAUCAUGAAGAACCCUGUUGUGGAUGG
32,28.8,UUUCGCUCUAUUCUCAUCAGUUUCAUGUCCUGUGUCGGACUUUAGAACAGAGGAGAUAAAGAUGGACACAGGACACAACCUGGCGGCAGCGCAAAAG,UUGCUACUCACAAUUAACACCCCUGACCCUAAUAGU,GGGUUUGGUAUGGGCAAAGGGAUGCCAUUCUACGCAUGGGACUUUGGAGUCCCGCUGCUAAUGAUAGGUUGCUACUCACAAUUAACACCCCUGACCCUAAUAGUGGCCAUCAUUUUGCUCGUGGCGCACUACAUGUACUUGAUCCCAGGGCUG
33,3.626666667,UGCUUCUUUGUUGUUCCAGUGUGGAGUUCCGGUGUCGGACUUUAGAACAGAGGAGAUAAAGAUGGACACCGGAACAAACCUGGCGGCAGCGCAAAAG,ACCACCUCAUACAACAACUACUCCUUAAUGGCGAUG,GGGCCAUCUAUGCUGCCUUGACAACUUUCAUUACCCCAGCCGUCCAACAUGCAGUGACCACCUCAUACAACAACUACUCCUUAAUGGCGAUGGCCACGCAAGCUGGAGUGUUGUUUGGUAUGGGCAAAGGGAUGCCAUUCUACGCAUGGGACUUUGGAGUCCCGCUGCUAAUGAUA
34,1.28,CCACAAGUCUUGCAUCUCUAGAACUUCCUCAGCCUCGGACUUUAGAACAGAGGAGAUAAAGAUGGAGGCUGAGGACAACCUGGCGGCAGCGCAAAAG,ACCACAAAGAUCAUCAUAAGCACAUCAAUGGCAGUG,GGGAGAAGGGUGAUUCUGCUCAUGGUGCAGGAAGGGUUGAAGAAGAGAAUGACCACAAAGAUCAUCAUAAGCACAUCAAUGGCAGUGCUGGUAGCUAUGAUCCUGGGAGGAUUUUCAAUGAGUGACCUGGCUAAGCUUGCAAUUUUGAUGGGUGCCACCUUCGCGGAAAUGAACACUGGAGGAGAUGUAGC
35,5.973333333,CCCACUCUUGAUGUUUUGUUUUCUGGAACUCUGUCUGGACUUUAGAACAGAGGAGAUAAAGAUGAGACAGAGUUCCAACCUGGCGGCAGCGCAAAAG,AGACAGAGUUCCAGAAAACAAAACAUCAAGAGUGGG,GGGAGAAGGGUUUGUUCCAAGCGUGAGGAACGGCAAUGAGAUCGCAGCUUGUCUGACAAAGGCUGGAAAACGGGUCAUACAGCUCAGCAGAAAGACUUUUGAGACAGAGUUCCAGAAAACAAAACAUCAAGAGUGGGACUUUGUCGUGACAACUGACAUUUCAGAGAUGGGCGCCAACUUUAAAGCUGACCGUGUCAUAGAUUCCAGGAGAUGCCUAAAGCCGGUCAUACU
36,24.10666667,GCUCCCCUUCUACUGAUCUCCACAUGAUGUUUUCCAGGACUUUAGAACAGAGGAGAUAAAGAUGUGGAAAACAUCAAACCUGGCGGCAGCGCAAAAG,UGCACAAUGCCCCCACUGUCGUUCCGGGCUAAAGAU,GGGAGAUCAACCACUGCAAGCGGAAGGGUGAUCGAGGAAUGGUGCUGCAGGGAGUGCACAAUGCCCCCACUGUCGUUCCGGGCUAAAGAUGGCUGUUGGUAUGGAAUGGAGAUAAGGCCCAGGAAAGAACCA
37,7.786666667,ACUAUUAGGGUCAGGGGUGUUAAUUGUGAGUAGCAAGGACUUUAGAACAGAGGAGAUAAAGAUGUUGCUACUCACUAACCUGGCGGCAGCGCAAAAG,GACACCGGAACUCCACACUGGAACAACAAAGAAGCA,GGGAGUGGUUCCACGACAUUCCAUUACCUUGGCACGCUGGGGCAGACACCGGAACUCCACACUGGAACAACAAAGAAGCACUGGUAGAGUUCAAGGACGCACAUGCCAAAAGGCAAACUGUCGUGGUUCUAGGGAGUCAAGAAGGAGCAGUUCACACG
39,0.746666667,AUCAUUCAAGAACCUGAGGGCAUGUGCAAACCUAUCGGACUUUAGAACAGAGGAGAUAAAGAUGGAUAGGUUUGCUAACCUGGCGGCAGCGCAAAAG,GUUUGCCGCUGGGAAAAGAGGAGCGGCUUUUGGAGU,GGGUGGACGCCAGAGUUUGUUCAGAUCAUGCGGCCCUGAAGUCAUUCAAGGAGUUUGCCGCUGGGAAAAGAGGAGCGGCUUUUGGAGUGAUGGAAGCCCUGGGAACACUGCCAGGACACAUGACAGAGAGAU
40,3.413333333,ACUCCAAAAGCCGCUCCUCUUUUCCCAGCGGCAAACGGACUUUAGAACAGAGGAGAUAAAGAUGGUUUGCCGCUGCAACCUGGCGGCAGCGCAAAAG,GGCAGAAGUGUGGACCAGACACGGAGAGAAAAGAGU,GGGCUGCCGGAAUAACCUACACAGAUAGAAGAUGGUGCUUUGAUGGCACGACCAACAACACCAUAAUGGAAGACAGUGUGCCGGCAGAAGUGUGGACCAGACACGGAGAGAAAAGAGUGCUCAAACCGAGGUGGAUGGACGCCAGAGUUUGUUCAGA
41,9.386666667,CUUCCACUGCAGUCUUCCACUCUUUUUCCUCUUCAAGGACUUUAGAACAGAGGAGAUAAAGAUGUUGAAGAGGAAAAACCUGGCGGCAGCGCAAAAG,CUGAUCGAGAUGAAAACAUGUGAAUGGCCAAAGUCC,GGGCUACUGGAUUGAGAGUGAGAAGAAUGACACAUGGAGGCUGAAGAGGGCCCAUCUGAUCGAGAUGAAAACAUGUGAAUGGCCAAAGUCCCACACAUUGUGGACAGAUGGAAUAGAAGAGAGUGAUCUGAUCAUACCCAAGUCUUUAGCUGGGC
42,1.493333333,CUUCAACGUCGUUAUAGACGAACACCCCUGUACCGCGGACUUUAGAACAGAGGAGAUAAAGAUGGCGGUACAGGGAAACCUGGCGGCAGCGCAAAAG,GAGCCAGAAAAGCAAAGAUCUCCCCAGGACAACCAA,GGGCAGCCAGAAUUGCAUGUGUCCUCAUUGUUGUGUUCCUAUUGCUGGUGGUGCUCAUACCUGAGCCAGAAAAGCAAAGAUCUCCCCAGGACAACCAAAUGGCAAUCAUCAUCAUGGUAGCAGUAGGUCUUCUGGGCUUGAUUACCGCCAAUGAACUCGGAUGGUUGGAGAGAACA
43,3.093333333,GGACUUUGGCCAUUCACAUGUUUUCAUCUCGAUCAGGGACUUUAGAACAGAGGAGAUAAAGAUGCUGAUCGAGAUGAACCUGGCGGCAGCGCAAAAG,CUUAACACAUUUACCAACCUAGUGGUGCAACUCAUU,GGGAGCGGACAAGUUGUCACUUACGCUCUUAACACAUUUACCAACCUAGUGGUGCAACUCAUUCGGAAUAUGGAGGCUGAGGAAGUUCUAGAGAUGCAAGACUUGUGGCUGCUGCGGAGGUCAGAGAAAGUGACUAACUGGUUGCAGAGCAACGGAUGGGAUAGGCUCAAACGAAUGG
44,0.853333333,AUUCCUCAAACCGAAUUUCAAGCUCUUCACUGUGCCGGACUUUAGAACAGAGGAGAUAAAGAUGGGCACAGUGAAAAACCUGGCGGCAGCGCAAAAG,GCGGUACAGGGGUGUUCGUCUAUAACGACGUUGAAG,GGGUGCUCGGUGGACUUCUCAAAGAAGGAGACGAGAUGCGGUACAGGGGUGUUCGUCUAUAACGACGUUGAAGCCUGGAGGGACAGGUACAAGUACCAUCCUGACUCCCCCCGUAGAUUGGCAGCAGCAGUCAAGCAAGCCUGGGAAGAU
45,4.906666667,AUCUUUAGCCCGGAACGACAGUGGGGGCAUUGUGCAGGACUUUAGAACAGAGGAGAUAAAGAUGUGCACAAUGCCGAACCUGGCGGCAGCGCAAAAG,GAGGCUGAGGAAGUUCUAGAGAUGCAAGACUUGUGG,GGGAGUGGUGCAACUCAUUCGGAAUAUGGAGGCUGAGGAAGUUCUAGAGAUGCAAGACUUGUGGCUGCUGCGGAGGUCAGAGAAAGUGACUAACUGGUUGCAGAGCAACGGAUGGGAUAGGCUCAAACGAAUGGCAG
46,29.86666667,AAAUUCCCCUUGUUUCUUUUCUCUUUUUCCCAUCAUGGACUUUAGAACAGAGGAGAUAAAGAUGAUGAUGGGAAAAAACCUGGCGGCAGCGCAAAAG,GGCACAGUGAAGAGCUUGAAAUUCGGUUUGAGGAAU,GGGCAAUACCAGAGAGGGCUACAGGACCCAAAUGAAAGGGCCAUGGCACAGUGAAGAGCUUGAAAUUCGGUUUGAGGAAUGCCCAGGCACUAAGGUCCACGUGGAGGAAACAUGUGGAACGAGAGGACCAUCUCUGAGAUCAACCACUGCAAGC
47,8.96,CUGGGAUCAAGUACAUGUAGUGCGCCACGAGCAAAAGGACUUUAGAACAGAGGAGAUAAAGAUGUUUUGCUCGUGUAACCUGGCGGCAGCGCAAAAG,CAUCUAAUGGGAAGGAGAGAGGAGGGGGCAACCAUA,GGGAGUAGGUCUUCUGGGCUUGAUUACCGCCAAUGAACUCGGAUGGUUGGAGAGAACAAAGAGUGACCUAAGCCAUCUAAUGGGAAGGAGAGAGGAGGGGGCAACCAUAGGAUUCUCAAUGGACAUUGACCUGCGG
48,3.2,ACUCUUUUCUCUCCGUGUCUGGUCCACACUUCUGCCGGACUUUAGAACAGAGGAGAUAAAGAUGGGCAGAAGUGUAAACCUGGCGGCAGCGCAAAAG,GAUAGGUUUGCACAUGCCCUCAGGUUCUUGAAUGAU,GGGAUAGGCUCAAACGAAUGGCAGUCAGUGGAGAUGAUUGCGUUGUGAAGCCAAUUGAUGAUAGGUUUGCACAUGCCCUCAGGUUCUUGAAUGAUAUGGGAAAAGUUAGGAAGGACACACAAGAGUGG
