,Triggers,Sense,Toehold Switch,dfull_sensor,dactive_sensor,dbinding_site,Dg_RBS_linker,score
0,GGAGUUUGGGUUAUGAUGGAUGGAGAUGAACAAGUC,Direct,GACUUGUUCAUCUCCAUCCAUCAUAACCCAAACUCCGGACUUUAGAACAGAGGAGAUAAAGAUGGGAGUUUGGGUACCTGGCGGCAGCGCAAGAAGA,0.1911,0.382,0.1276,-10.477,20.353308672529984
1,GAGUUUGGGUUAUGAUGGAUGGAGAUGAACAAGUCG,Direct,CGACUUGUUCAUCUCCAUCCAUCAUAACCCAAACUCGGACUUUAGAACAGAGGAGAUAAAGAUGGAGUUUGGGUUACCTGGCGGCAGCGCAAGAAGA,0.2463,0.4016,0.1368,-10.816,15.389789017844949
3,GUUUGGGUUAUGAUGGAUGGAGAUGAACAAGUCGAA,Direct,UUCGACUUGUUCAUCUCCAUCCAUCAUAACCCAAACGGACUUUAGAACAGAGGAGAUAAAGAUGGUUUGGGUUAUACCTGGCGGCAGCGCAAGAAGA,0.2522,0.3756,0.1308,-9.573,16.27175170034705
5,UUGGGUUAUGAUGGAUGGAGAUGAACAAGUCGAAUA,Direct,UAUUCGACUUGUUCAUCUCCAUCCAUCAUAACCCAAGGACUUUAGAACAGAGGAGAUAAAGAUGUUGGGUUAUGAACCTGGCGGCAGCGCAAGAAGA,0.2561,0.4478,0.13,-11.354,12.450847417445633
6,UGGGUUAUGAUGGAUGGAGAUGAACAAGUCGAAUAC,Direct,GUAUUCGACUUGUUCAUCUCCAUCCAUCAUAACCCAGGACUUUAGAACAGAGGAGAUAAAGAUGUGGGUUAUGAUACCTGGCGGCAGCGCAAGAAGA,0.2413,0.3457,0.1488,-7.812,18.434575044168668
8,GGUUAUGAUGGAUGGAGAUGAACAAGUCGAAUACCC,Direct,GGGUAUUCGACUUGUUCAUCUCCAUCCAUCAUAACCGGACUUUAGAACAGAGGAGAUAAAGAUGGGUUAUGAUGGACCTGGCGGCAGCGCAAGAAGA,0.2688,0.3748,0.4174,-10.302,12.949804066725715
9,GUUAUGAUGGAUGGAGAUGAACAAGUCGAAUACCCA,Direct,UGGGUAUUCGACUUGUUCAUCUCCAUCCAUCAUAACGGACUUUAGAACAGAGGAGAUAAAGAUGGUUAUGAUGGAACCTGGCGGCAGCGCAAGAAGA,0.2416,0.3712,0.4721,-9.571,14.393486753935614
12,AUGAUGGAUGGAGAUGAACAAGUCGAAUACCCACUG,Direct,CAGUGGGUAUUCGACUUGUUCAUCUCCAUCCAUCAUGGACUUUAGAACAGAGGAGAUAAAGAUGAUGAUGGAUGGACCTGGCGGCAGCGCAAGAAGA,0.2369,0.3056,0.4128,-6.022,18.687080496106898
14,GAUGGAUGGAGAUGAACAAGUCGAAUACCCACUGAA,Direct,UUCAGUGGGUAUUCGACUUGUUCAUCUCCAUCCAUCGGACUUUAGAACAGAGGAGAUAAAGAUGGAUGGAUGGAGACCTGGCGGCAGCGCAAGAAGA,0.2418,0.3521,0.4471,-5.853,15.643745674782288
15,AUGGAUGGAGAUGAACAAGUCGAAUACCCACUGAAA,Direct,UUUCAGUGGGUAUUCGACUUGUUCAUCUCCAUCCAUGGACUUUAGAACAGAGGAGAUAAAGAUGAUGGAUGGAGAACCTGGCGGCAGCGCAAGAAGA,0.2268,0.3334,0.4287,-5.833,17.862171315071972
16,UGGAUGGAGAUGAACAAGUCGAAUACCCACUGAAAC,Direct,GUUUCAGUGGGUAUUCGACUUGUUCAUCUCCAUCCAGGACUUUAGAACAGAGGAGAUAAAGAUGUGGAUGGAGAUACCTGGCGGCAGCGCAAGAAGA,0.2299,0.3833,0.4237,-7.322,15.248690874607378
18,GAUGGAGAUGAACAAGUCGAAUACCCACUGAAACCA,Direct,UGGUUUCAGUGGGUAUUCGACUUGUUCAUCUCCAUCGGACUUUAGAACAGAGGAGAUAAAGAUGGAUGGAGAUGAACCTGGCGGCAGCGCAAGAAGA,0.2395,0.3293,0.2879,-6.169,18.50537108388652
19,AUGGAGAUGAACAAGUCGAAUACCCACUGAAACCAA,Direct,UUGGUUUCAGUGGGUAUUCGACUUGUUCAUCUCCAUGGACUUUAGAACAGAGGAGAUAAAGAUGAUGGAGAUGAAACCTGGCGGCAGCGCAAGAAGA,0.2546,0.3047,0.3913,-5.833,17.69704003644467
21,GGAGAUGAACAAGUCGAAUACCCACUGAAACCAAUC,Direct,GAUUGGUUUCAGUGGGUAUUCGACUUGUUCAUCUCCGGACUUUAGAACAGAGGAGAUAAAGAUGGGAGAUGAACAACCTGGCGGCAGCGCAAGAAGA,0.233,0.3132,0.4175,-6.266,18.540078179961338
22,GAGAUGAACAAGUCGAAUACCCACUGAAACCAAUCG,Direct,CGAUUGGUUUCAGUGGGUAUUCGACUUGUUCAUCUCGGACUUUAGAACAGAGGAGAUAAAGAUGGAGAUGAACAAACCTGGCGGCAGCGCAAGAAGA,0.2328,0.3131,0.4335,-5.833,18.37130677605239
24,GAUGAACAAGUCGAAUACCCACUGAAACCAAUCGUU,Direct,AACGAUUGGUUUCAGUGGGUAUUCGACUUGUUCAUCGGACUUUAGAACAGAGGAGAUAAAGAUGGAUGAACAAGUACCTGGCGGCAGCGCAAGAAGA,0.2147,0.3344,0.37,-6.505,19.317255675661873
25,AUGAACAAGUCGAAUACCCACUGAAACCAAUCGUUG,Direct,CAACGAUUGGUUUCAGUGGGUAUUCGACUUGUUCAUGGACUUUAGAACAGAGGAGAUAAAGAUGAUGAACAAGUCACCTGGCGGCAGCGCAAGAAGA,0.1971,0.3913,0.2907,-9.853,18.47973455973083
27,GAACAAGUCGAAUACCCACUGAAACCAAUCGUUGAG,Direct,CUCAACGAUUGGUUUCAGUGGGUAUUCGACUUGUUCGGACUUUAGAACAGAGGAGAUAAAGAUGGAACAAGUCGAACCTGGCGGCAGCGCAAGAAGA,0.235,0.3464,0.4296,-8.738,16.625235166616307
28,AACAAGUCGAAUACCCACUGAAACCAAUCGUUGAGA,Direct,UCUCAACGAUUGGUUUCAGUGGGUAUUCGACUUGUUGGACUUUAGAACAGAGGAGAUAAAGAUGAACAAGUCGAAACCTGGCGGCAGCGCAAGAAGA,0.2348,0.3443,0.4339,-9.225,16.691165011687847
29,ACAAGUCGAAUACCCACUGAAACCAAUCGUUGAGAA,Direct,UUCUCAACGAUUGGUUUCAGUGGGUAUUCGACUUGUGGACUUUAGAACAGAGGAGAUAAAGAUGACAAGUCGAAUACCTGGCGGCAGCGCAAGAAGA,0.2474,0.3518,0.4313,-10.386,15.450729254445625
31,AAGUCGAAUACCCACUGAAACCAAUCGUUGAGAAUG,Direct,CAUUCUCAACGAUUGGUUUCAGUGGGUAUUCGACUUGGACUUUAGAACAGAGGAGAUAAAGAUGAAGUCGAAUACACCTGGCGGCAGCGCAAGAAGA,0.2219,0.3766,0.3531,-8.372,16.89169433980255
32,AGUCGAAUACCCACUGAAACCAAUCGUUGAGAAUGC,Direct,GCAUUCUCAACGAUUGGUUUCAGUGGGUAUUCGACUGGACUUUAGAACAGAGGAGAUAAAGAUGAGUCGAAUACCACCTGGCGGCAGCGCAAGAAGA,0.2355,0.3355,0.2958,-7.566,18.42655780115159
33,GUCGAAUACCCACUGAAACCAAUCGUUGAGAAUGCA,Direct,UGCAUUCUCAACGAUUGGUUUCAGUGGGUAUUCGACGGACUUUAGAACAGAGGAGAUAAAGAUGGUCGAAUACCCACCTGGCGGCAGCGCAAGAAGA,0.228,0.3627,0.2854,-8.226,17.709034174183017
34,UCGAAUACCCACUGAAACCAAUCGUUGAGAAUGCAA,Direct,UUGCAUUCUCAACGAUUGGUUUCAGUGGGUAUUCGAGGACUUUAGAACAGAGGAGAUAAAGAUGUCGAAUACCCAACCTGGCGGCAGCGCAAGAAGA,0.2092,0.3596,0.2867,-7.9,19.1993151030219
35,CGAAUACCCACUGAAACCAAUCGUUGAGAAUGCAAA,Direct,UUUGCAUUCUCAACGAUUGGUUUCAGUGGGUAUUCGGGACUUUAGAACAGAGGAGAUAAAGAUGCGAAUACCCACACCTGGCGGCAGCGCAAGAAGA,0.1933,0.3797,0.2769,-9.287,19.426004951629395
36,GAAUACCCACUGAAACCAAUCGUUGAGAAUGCAAAA,Direct,UUUUGCAUUCUCAACGAUUGGUUUCAGUGGGUAUUCGGACUUUAGAACAGAGGAGAUAAAGAUGGAAUACCCACUACCTGGCGGCAGCGCAAGAAGA,0.277,0.386,0.276,-8.939,13.122029340825149
38,AUACCCACUGAAACCAAUCGUUGAGAAUGCAAAACC,Direct,GGUUUUGCAUUCUCAACGAUUGGUUUCAGUGGGUAUGGACUUUAGAACAGAGGAGAUAAAGAUGAUACCCACUGAACCTGGCGGCAGCGCAAGAAGA,0.2926,0.3674,0.2802,-7.814,12.885602047811243
39,UACCCACUGAAACCAAUCGUUGAGAAUGCAAAACCA,Direct,UGGUUUUGCAUUCUCAACGAUUGGUUUCAGUGGGUAGGACUUUAGAACAGAGGAGAUAAAGAUGUACCCACUGAAACCTGGCGGCAGCGCAAGAAGA,0.2808,0.3831,0.2781,-7.754,12.976426712616552
41,CCCACUGAAACCAAUCGUUGAGAAUGCAAAACCAAC,Direct,GUUGGUUUUGCAUUCUCAACGAUUGGUUUCAGUGGGGGACUUUAGAACAGAGGAGAUAAAGAUGCCCACUGAAACACCTGGCGGCAGCGCAAGAAGA,0.2194,0.3454,0.3854,-7.63,18.284254110358148
42,CCACUGAAACCAAUCGUUGAGAAUGCAAAACCAACA,Direct,UGUUGGUUUUGCAUUCUCAACGAUUGGUUUCAGUGGGGACUUUAGAACAGAGGAGAUAAAGAUGCCACUGAAACCACCTGGCGGCAGCGCAAGAAGA,0.2322,0.3547,0.3859,-8.789,16.904675499486356
44,ACUGAAACCAAUCGUUGAGAAUGCAAAACCAACACU,Direct,AGUGUUGGUUUUGCAUUCUCAACGAUUGGUUUCAGUGGACUUUAGAACAGAGGAGAUAAAGAUGACUGAAACCAAACCTGGCGGCAGCGCAAGAAGA,0.2223,0.345,0.3852,-6.662,18.098037290869858
45,CUGAAACCAAUCGUUGAGAAUGCAAAACCAACACUU,Direct,AAGUGUUGGUUUUGCAUUCUCAACGAUUGGUUUCAGGGACUUUAGAACAGAGGAGAUAAAGAUGCUGAAACCAAUACCTGGCGGCAGCGCAAGAAGA,0.3749,0.3867,0.3857,-10.319,5.1039619145551995
47,GAAACCAAUCGUUGAGAAUGCAAAACCAACACUUAG,Direct,CUAAGUGUUGGUUUUGCAUUCUCAACGAUUGGUUUCGGACUUUAGAACAGAGGAGAUAAAGAUGGAAACCAAUCGACCTGGCGGCAGCGCAAGAAGA,0.2194,0.3838,0.337,-9.976,16.86464736083215
48,AAACCAAUCGUUGAGAAUGCAAAACCAACACUUAGG,Direct,CCUAAGUGUUGGUUUUGCAUUCUCAACGAUUGGUUUGGACUUUAGAACAGAGGAGAUAAAGAUGAAACCAAUCGUACCTGGCGGCAGCGCAAGAAGA,0.2232,0.368,0.3309,-9.036,17.421845182393017
49,AACCAAUCGUUGAGAAUGCAAAACCAACACUUAGGC,Direct,GCCUAAGUGUUGGUUUUGCAUUCUCAACGAUUGGUUGGACUUUAGAACAGAGGAGAUAAAGAUGAACCAAUCGUUACCTGGCGGCAGCGCAAGAAGA,0.222,0.395,0.3389,-9.686,16.111315367989874
51,CCAAUCGUUGAGAAUGCAAAACCAACACUUAGGCAA,Direct,UUGCCUAAGUGUUGGUUUUGCAUUCUCAACGAUUGGGGACUUUAGAACAGAGGAGAUAAAGAUGCCAAUCGUUGAACCTGGCGGCAGCGCAAGAAGA,0.2243,0.362,0.3935,-10.215,17.032804531940393
52,CAAUCGUUGAGAAUGCAAAACCAACACUUAGGCAAA,Direct,UUUGCCUAAGUGUUGGUUUUGCAUUCUCAACGAUUGGGACUUUAGAACAGAGGAGAUAAAGAUGCAAUCGUUGAGACCTGGCGGCAGCGCAAGAAGA,0.2463,0.3813,0.3929,-9.045,14.514149175197018
54,AUCGUUGAGAAUGCAAAACCAACACUUAGGCAAAUC,Direct,GAUUUGCCUAAGUGUUGGUUUUGCAUUCUCAACGAUGGACUUUAGAACAGAGGAGAUAAAGAUGAUCGUUGAGAAACCTGGCGGCAGCGCAAGAAGA,0.231,0.371,0.3627,-9.151,16.422816787740363
55,UCGUUGAGAAUGCAAAACCAACACUUAGGCAAAUCA,Direct,UGAUUUGCCUAAGUGUUGGUUUUGCAUUCUCAACGAGGACUUUAGAACAGAGGAGAUAAAGAUGUCGUUGAGAAUACCTGGCGGCAGCGCAAGAAGA,0.2425,0.4094,0.2947,-9.302,14.304778978786109
57,GUUGAGAAUGCAAAACCAACACUUAGGCAAAUCAUG,Direct,CAUGAUUUGCCUAAGUGUUGGUUUUGCAUUCUCAACGGACUUUAGAACAGAGGAGAUAAAGAUGGUUGAGAAUGCACCTGGCGGCAGCGCAAGAAGA,0.2679,0.355,0.2817,-7.523,15.254201587580067
58,UUGAGAAUGCAAAACCAACACUUAGGCAAAUCAUGG,Direct,CCAUGAUUUGCCUAAGUGUUGGUUUUGCAUUCUCAAGGACUUUAGAACAGAGGAGAUAAAGAUGUUGAGAAUGCAACCTGGCGGCAGCGCAAGAAGA,0.2646,0.3754,0.4148,-8.38,13.251152061383566
60,GAGAAUGCAAAACCAACACUUAGGCAAAUCAUGGCA,Direct,UGCCAUGAUUUGCCUAAGUGUUGGUUUUGCAUUCUCGGACUUUAGAACAGAGGAGAUAAAGAUGGAGAAUGCAAAACCTGGCGGCAGCGCAAGAAGA,0.2614,0.3069,0.4208,-5.833,16.775112781991112
61,AGAAUGCAAAACCAACACUUAGGCAAAUCAUGGCAC,Direct,GUGCCAUGAUUUGCCUAAGUGUUGGUUUUGCAUUCUGGACUUUAGAACAGAGGAGAUAAAGAUGAGAAUGCAAAAACCTGGCGGCAGCGCAAGAAGA,0.2935,0.3159,0.3906,-6.8,14.365375129193087
62,GAAUGCAAAACCAACACUUAGGCAAAUCAUGGCACA,Direct,UGUGCCAUGAUUUGCCUAAGUGUUGGUUUUGCAUUCGGACUUUAGAACAGAGGAGAUAAAGAUGGAAUGCAAAACACCTGGCGGCAGCGCAAGAAGA,0.3136,0.3164,0.2256,-5.912,14.259009687044866
63,AAUGCAAAACCAACACUUAGGCAAAUCAUGGCACAU,Direct,AUGUGCCAUGAUUUGCCUAAGUGUUGGUUUUGCAUUGGACUUUAGAACAGAGGAGAUAAAGAUGAAUGCAAAACCACCTGGCGGCAGCGCAAGAAGA,0.2876,0.3302,0.2392,-7.377,15.358104029839431
64,AUGCAAAACCAACACUUAGGCAAAUCAUGGCACAUU,Direct,AAUGUGCCAUGAUUUGCCUAAGUGUUGGUUUUGCAUGGACUUUAGAACAGAGGAGAUAAAGAUGAUGCAAAACCAACCTGGCGGCAGCGCAAGAAGA,0.302,0.3409,0.2436,-7.334,13.771132982327977
65,UGCAAAACCAACACUUAGGCAAAUCAUGGCACAUUU,Direct,AAAUGUGCCAUGAUUUGCCUAAGUGUUGGUUUUGCAGGACUUUAGAACAGAGGAGAUAAAGAUGUGCAAAACCAAACCTGGCGGCAGCGCAAGAAGA,0.2707,0.3769,0.2489,-9.084,14.212130754121791
66,GCAAAACCAACACUUAGGCAAAUCAUGGCACAUUUC,Direct,GAAAUGUGCCAUGAUUUGCCUAAGUGUUGGUUUUGCGGACUUUAGAACAGAGGAGAUAAAGAUGGCAAAACCAACACCTGGCGGCAGCGCAAGAAGA,0.2826,0.3733,0.2422,-8.606,13.580582141449757
67,CAAAACCAACACUUAGGCAAAUCAUGGCACAUUUCU,Direct,AGAAAUGUGCCAUGAUUUGCCUAAGUGUUGGUUUUGGGACUUUAGAACAGAGGAGAUAAAGAUGCAAAACCAACAACCTGGCGGCAGCGCAAGAAGA,0.2417,0.3359,0.2413,-7.878,18.355415178400662
68,AAAACCAACACUUAGGCAAAUCAUGGCACAUUUCUC,Direct,GAGAAAUGUGCCAUGAUUUGCCUAAGUGUUGGUUUUGGACUUUAGAACAGAGGAGAUAAAGAUGAAAACCAACACACCTGGCGGCAGCGCAAGAAGA,0.242,0.316,0.2513,-5.946,19.243789861440842
69,AAACCAACACUUAGGCAAAUCAUGGCACAUUUCUCA,Direct,UGAGAAAUGUGCCAUGAUUUGCCUAAGUGUUGGUUUGGACUUUAGAACAGAGGAGAUAAAGAUGAAACCAACACUACCTGGCGGCAGCGCAAGAAGA,0.2474,0.3209,0.2398,-6.762,18.69312646367091
70,AACCAACACUUAGGCAAAUCAUGGCACAUUUCUCAG,Direct,CUGAGAAAUGUGCCAUGAUUUGCCUAAGUGUUGGUUGGACUUUAGAACAGAGGAGAUAAAGAUGAACCAACACUUACCTGGCGGCAGCGCAAGAAGA,0.2647,0.3532,0.2259,-6.678,15.956368735570475
72,CCAACACUUAGGCAAAUCAUGGCACAUUUCUCAGAU,Direct,AUCUGAGAAAUGUGCCAUGAUUUGCCUAAGUGUUGGGGACUUUAGAACAGAGGAGAUAAAGAUGCCAACACUUAGACCTGGCGGCAGCGCAAGAAGA,0.2351,0.329,0.2304,-8.275,19.238331181841865
73,CAACACUUAGGCAAAUCAUGGCACAUUUCUCAGAUG,Direct,CAUCUGAGAAAUGUGCCAUGAUUUGCCUAAGUGUUGGGACUUUAGAACAGAGGAGAUAAAGAUGCAACACUUAGGACCTGGCGGCAGCGCAAGAAGA,0.2223,0.3265,0.2506,-8.185,20.145502744265265
75,ACACUUAGGCAAAUCAUGGCACAUUUCUCAGAUGUU,Direct,AACAUCUGAGAAAUGUGCCAUGAUUUGCCUAAGUGUGGACUUUAGAACAGAGGAGAUAAAGAUGACACUUAGGCAACCTGGCGGCAGCGCAAGAAGA,0.2607,0.3432,0.3287,-7.687,15.969956464332146
76,CACUUAGGCAAAUCAUGGCACAUUUCUCAGAUGUUG,Direct,CAACAUCUGAGAAAUGUGCCAUGAUUUGCCUAAGUGGGACUUUAGAACAGAGGAGAUAAAGAUGCACUUAGGCAAACCTGGCGGCAGCGCAAGAAGA,0.2658,0.3951,0.3325,-9.773,13.022782285452553
78,CUUAGGCAAAUCAUGGCACAUUUCUCAGAUGUUGCA,Direct,UGCAACAUCUGAGAAAUGUGCCAUGAUUUGCCUAAGGGACUUUAGAACAGAGGAGAUAAAGAUGCUUAGGCAAAUACCTGGCGGCAGCGCAAGAAGA,0.2607,0.3921,0.4841,-9.47,11.831686466997349
79,UUAGGCAAAUCAUGGCACAUUUCUCAGAUGUUGCAG,Direct,CUGCAACAUCUGAGAAAUGUGCCAUGAUUUGCCUAAGGACUUUAGAACAGAGGAGAUAAAGAUGUUAGGCAAAUCACCTGGCGGCAGCGCAAGAAGA,0.2988,0.3824,0.4852,-9.262,9.560643615897943
81,AGGCAAAUCAUGGCACAUUUCUCAGAUGUUGCAGAA,Direct,UUCUGCAACAUCUGAGAAAUGUGCCAUGAUUUGCCUGGACUUUAGAACAGAGGAGAUAAAGAUGAGGCAAAUCAUACCTGGCGGCAGCGCAAGAAGA,0.2773,0.3772,0.4687,-8.929,11.585150687692032
83,GCAAAUCAUGGCACAUUUCUCAGAUGUUGCAGAAGC,Direct,GCUUCUGCAACAUCUGAGAAAUGUGCCAUGAUUUGCGGACUUUAGAACAGAGGAGAUAAAGAUGGCAAAUCAUGGACCTGGCGGCAGCGCAAGAAGA,0.2625,0.3539,0.4472,-8.858,14.069918606919337
84,CAAAUCAUGGCACAUUUCUCAGAUGUUGCAGAAGCG,Direct,CGCUUCUGCAACAUCUGAGAAAUGUGCCAUGAUUUGGGACUUUAGAACAGAGGAGAUAAAGAUGCAAAUCAUGGCACCTGGCGGCAGCGCAAGAAGA,0.2743,0.3586,0.4665,-11.406,12.742987042251748
85,AAAUCAUGGCACAUUUCUCAGAUGUUGCAGAAGCGU,Direct,ACGCUUCUGCAACAUCUGAGAAAUGUGCCAUGAUUUGGACUUUAGAACAGAGGAGAUAAAGAUGAAAUCAUGGCAACCTGGCGGCAGCGCAAGAAGA,0.2557,0.3396,0.4452,-7.2,15.284675644857408
86,AAUCAUGGCACAUUUCUCAGAUGUUGCAGAAGCGUA,Direct,UACGCUUCUGCAACAUCUGAGAAAUGUGCCAUGAUUGGACUUUAGAACAGAGGAGAUAAAGAUGAAUCAUGGCACACCTGGCGGCAGCGCAAGAAGA,0.2331,0.3317,0.3658,-7.428,18.171783716254254
87,AUCAUGGCACAUUUCUCAGAUGUUGCAGAAGCGUAU,Direct,AUACGCUUCUGCAACAUCUGAGAAAUGUGCCAUGAUGGACUUUAGAACAGAGGAGAUAAAGAUGAUCAUGGCACAACCTGGCGGCAGCGCAAGAAGA,0.2164,0.3486,0.3688,-8.918,18.509983129276545
88,UCAUGGCACAUUUCUCAGAUGUUGCAGAAGCGUAUA,Direct,UAUACGCUUCUGCAACAUCUGAGAAAUGUGCCAUGAGGACUUUAGAACAGAGGAGAUAAAGAUGUCAUGGCACAUACCTGGCGGCAGCGCAAGAAGA,0.2165,0.3722,0.3251,-8.567,17.746301590184785
89,CAUGGCACAUUUCUCAGAUGUUGCAGAAGCGUAUAU,Direct,AUAUACGCUUCUGCAACAUCUGAGAAAUGUGCCAUGGGACUUUAGAACAGAGGAGAUAAAGAUGCAUGGCACAUUACCTGGCGGCAGCGCAAGAAGA,0.2254,0.3736,0.2207,-9.225,17.805066157887847
90,AUGGCACAUUUCUCAGAUGUUGCAGAAGCGUAUAUA,Direct,UAUAUACGCUUCUGCAACAUCUGAGAAAUGUGCCAUGGACUUUAGAACAGAGGAGAUAAAGAUGAUGGCACAUUUACCTGGCGGCAGCGCAAGAAGA,0.2103,0.3912,0.1621,-8.474,18.35588893023076
91,UGGCACAUUUCUCAGAUGUUGCAGAAGCGUAUAUAG,Direct,CUAUAUACGCUUCUGCAACAUCUGAGAAAUGUGCCAGGACUUUAGAACAGAGGAGAUAAAGAUGUGGCACAUUUCACCTGGCGGCAGCGCAAGAAGA,0.2357,0.4187,0.1595,-10.907,15.197842880295855
92,GGCACAUUUCUCAGAUGUUGCAGAAGCGUAUAUAGA,Direct,UCUAUAUACGCUUCUGCAACAUCUGAGAAAUGUGCCGGACUUUAGAACAGAGGAGAUAAAGAUGGGCACAUUUCUACCTGGCGGCAGCGCAAGAAGA,0.2657,0.4362,0.1533,-11.659,12.219073998142303
93,GCACAUUUCUCAGAUGUUGCAGAAGCGUAUAUAGAA,Direct,UUCUAUAUACGCUUCUGCAACAUCUGAGAAAUGUGCGGACUUUAGAACAGAGGAGAUAAAGAUGGCACAUUUCUCACCTGGCGGCAGCGCAAGAAGA,0.2952,0.3987,0.1525,-10.279,11.949191928578202
94,CACAUUUCUCAGAUGUUGCAGAAGCGUAUAUAGAAA,Direct,UUUCUAUAUACGCUUCUGCAACAUCUGAGAAAUGUGGGACUUUAGAACAGAGGAGAUAAAGAUGCACAUUUCUCAACCTGGCGGCAGCGCAAGAAGA,0.2778,0.3631,0.1532,-10.366,14.941216787704782
95,ACAUUUCUCAGAUGUUGCAGAAGCGUAUAUAGAAAU,Direct,AUUUCUAUAUACGCUUCUGCAACAUCUGAGAAAUGUGGACUUUAGAACAGAGGAGAUAAAGAUGACAUUUCUCAGACCTGGCGGCAGCGCAAGAAGA,0.2962,0.3683,0.158,-10.464,13.34230517900391
96,CAUUUCUCAGAUGUUGCAGAAGCGUAUAUAGAAAUG,Direct,CAUUUCUAUAUACGCUUCUGCAACAUCUGAGAAAUGGGACUUUAGAACAGAGGAGAUAAAGAUGCAUUUCUCAGAACCTGGCGGCAGCGCAAGAAGA,0.2747,0.3712,0.1601,-10.561,14.730713899531334
97,AUUUCUCAGAUGUUGCAGAAGCGUAUAUAGAAAUGC,Direct,GCAUUUCUAUAUACGCUUCUGCAACAUCUGAGAAAUGGACUUUAGAACAGAGGAGAUAAAGAUGAUUUCUCAGAUACCTGGCGGCAGCGCAAGAAGA,0.2763,0.3915,0.2018,-11.151,13.390526610189891
99,UUCUCAGAUGUUGCAGAAGCGUAUAUAGAAAUGCGC,Direct,GCGCAUUUCUAUAUACGCUUCUGCAACAUCUGAGAAGGACUUUAGAACAGAGGAGAUAAAGAUGUUCUCAGAUGUACCTGGCGGCAGCGCAAGAAGA,0.2729,0.4162,0.2812,-11.805,11.894530911839865
100,UCUCAGAUGUUGCAGAAGCGUAUAUAGAAAUGCGCA,Direct,UGCGCAUUUCUAUAUACGCUUCUGCAACAUCUGAGAGGACUUUAGAACAGAGGAGAUAAAGAUGUCUCAGAUGUUACCTGGCGGCAGCGCAAGAAGA,0.2413,0.4483,0.3114,-12.229,12.346862165173146
102,UCAGAUGUUGCAGAAGCGUAUAUAGAAAUGCGCAAC,Direct,GUUGCGCAUUUCUAUAUACGCUUCUGCAACAUCUGAGGACUUUAGAACAGAGGAGAUAAAGAUGUCAGAUGUUGCACCTGGCGGCAGCGCAAGAAGA,0.2521,0.4305,0.3642,-12.562,11.973971942943006
103,CAGAUGUUGCAGAAGCGUAUAUAGAAAUGCGCAACA,Direct,UGUUGCGCAUUUCUAUAUACGCUUCUGCAACAUCUGGGACUUUAGAACAGAGGAGAUAAAGAUGCAGAUGUUGCAACCTGGCGGCAGCGCAAGAAGA,0.2384,0.4333,0.3256,-12.825,13.171762284129246
104,AGAUGUUGCAGAAGCGUAUAUAGAAAUGCGCAACAA,Direct,UUGUUGCGCAUUUCUAUAUACGCUUCUGCAACAUCUGGACUUUAGAACAGAGGAGAUAAAGAUGAGAUGUUGCAGACCTGGCGGCAGCGCAAGAAGA,0.2727,0.3849,0.3123,-9.826,13.201002394165142
105,GAUGUUGCAGAAGCGUAUAUAGAAAUGCGCAACAAA,Direct,UUUGUUGCGCAUUUCUAUAUACGCUUCUGCAACAUCGGACUUUAGAACAGAGGAGAUAAAGAUGGAUGUUGCAGAACCTGGCGGCAGCGCAAGAAGA,0.2619,0.3858,0.3123,-9.095,13.931172394165147
106,AUGUUGCAGAAGCGUAUAUAGAAAUGCGCAACAAAA,Direct,UUUUGUUGCGCAUUUCUAUAUACGCUUCUGCAACAUGGACUUUAGAACAGAGGAGAUAAAGAUGAUGUUGCAGAAACCTGGCGGCAGCGCAAGAAGA,0.2958,0.3861,0.2856,-8.998,11.69731538639843
107,UGUUGCAGAAGCGUAUAUAGAAAUGCGCAACAAAAA,Direct,UUUUUGUUGCGCAUUUCUAUAUACGCUUCUGCAACAGGACUUUAGAACAGAGGAGAUAAAGAUGUGUUGCAGAAGACCTGGCGGCAGCGCAAGAAGA,0.2848,0.4167,0.1785,-12.182,11.67521983286314
108,GUUGCAGAAGCGUAUAUAGAAAUGCGCAACAAAAAG,Direct,CUUUUUGUUGCGCAUUUCUAUAUACGCUUCUGCAACGGACUUUAGAACAGAGGAGAUAAAGAUGGUUGCAGAAGCACCTGGCGGCAGCGCAAGAAGA,0.2886,0.3939,0.1757,-10.272,12.537404788652593
109,UUGCAGAAGCGUAUAUAGAAAUGCGCAACAAAAAGG,Direct,CCUUUUUGUUGCGCAUUUCUAUAUACGCUUCUGCAAGGACUUUAGAACAGAGGAGAUAAAGAUGUUGCAGAAGCGACCTGGCGGCAGCGCAAGAAGA,0.2987,0.4161,0.1741,-10.709,10.73182122046893
110,UGCAGAAGCGUAUAUAGAAAUGCGCAACAAAAAGGA,Direct,UCCUUUUUGUUGCGCAUUUCUAUAUACGCUUCUGCAGGACUUUAGAACAGAGGAGAUAAAGAUGUGCAGAAGCGUACCTGGCGGCAGCGCAAGAAGA,0.3258,0.4025,0.1734,-10.934,9.460263054349603
112,CAGAAGCGUAUAUAGAAAUGCGCAACAAAAAGGAAC,Direct,GUUCCUUUUUGUUGCGCAUUUCUAUAUACGCUUCUGGGACUUUAGAACAGAGGAGAUAAAGAUGCAGAAGCGUAUACCTGGCGGCAGCGCAAGAAGA,0.3198,0.3836,0.1803,-9.767,10.781110787589137
114,GAAGCGUAUAUAGAAAUGCGCAACAAAAAGGAACCA,Direct,UGGUUCCUUUUUGUUGCGCAUUUCUAUAUACGCUUCGGACUUUAGAACAGAGGAGAUAAAGAUGGAAGCGUAUAUACCTGGCGGCAGCGCAAGAAGA,0.3098,0.3394,0.2009,-9.288,13.551943895173101
116,AGCGUAUAUAGAAAUGCGCAACAAAAAGGAACCAUA,Direct,UAUGGUUCCUUUUUGUUGCGCAUUUCUAUAUACGCUGGACUUUAGAACAGAGGAGAUAAAGAUGAGCGUAUAUAGACCTGGCGGCAGCGCAAGAAGA,0.3091,0.3289,0.2452,-8.032,13.840574066209069
117,GCGUAUAUAGAAAUGCGCAACAAAAAGGAACCAUAU,Direct,AUAUGGUUCCUUUUUGUUGCGCAUUUCUAUAUACGCGGACUUUAGAACAGAGGAGAUAAAGAUGGCGUAUAUAGAACCTGGCGGCAGCGCAAGAAGA,0.3073,0.3271,0.247,-7.155,14.045925124168884
119,GUAUAUAGAAAUGCGCAACAAAAAGGAACCAUAUAU,Direct,AUAUAUGGUUCCUUUUUGUUGCGCAUUUCUAUAUACGGACUUUAGAACAGAGGAGAUAAAGAUGGUAUAUAGAAAACCTGGCGGCAGCGCAAGAAGA,0.2901,0.347,0.1945,-7.424,14.628236583596628
120,UAUAUAGAAAUGCGCAACAAAAAGGAACCAUAUAUG,Direct,CAUAUAUGGUUCCUUUUUGUUGCGCAUUUCUAUAUAGGACUUUAGAACAGAGGAGAUAAAGAUGUAUAUAGAAAUACCTGGCGGCAGCGCAAGAAGA,0.3001,0.3557,0.1613,-6.832,13.66440863083862
122,UAUAGAAAUGCGCAACAAAAAGGAACCAUAUAUGCC,Direct,GGCAUAUAUGGUUCCUUUUUGUUGCGCAUUUCUAUAGGACUUUAGAACAGAGGAGAUAAAGAUGUAUAGAAAUGCACCTGGCGGCAGCGCAAGAAGA,0.2792,0.412,0.3562,-9.158,11.015938676389407
123,AUAGAAAUGCGCAACAAAAAGGAACCAUAUAUGCCA,Direct,UGGCAUAUAUGGUUCCUUUUUGUUGCGCAUUUCUAUGGACUUUAGAACAGAGGAGAUAAAGAUGAUAGAAAUGCGACCTGGCGGCAGCGCAAGAAGA,0.2174,0.3344,0.296,-6.92,19.77676895692702
125,AGAAAUGCGCAACAAAAAGGAACCAUAUAUGCCACG,Direct,CGUGGCAUAUAUGGUUCCUUUUUGUUGCGCAUUUCUGGACUUUAGAACAGAGGAGAUAAAGAUGAGAAAUGCGCAACCTGGCGGCAGCGCAAGAAGA,0.226,0.3759,0.3043,-11.128,17.056521587970927
126,GAAAUGCGCAACAAAAAGGAACCAUAUAUGCCACGA,Direct,UCGUGGCAUAUAUGGUUCCUUUUUGUUGCGCAUUUCGGACUUUAGAACAGAGGAGAUAAAGAUGGAAAUGCGCAAACCTGGCGGCAGCGCAAGAAGA,0.2093,0.365,0.3029,-10.684,18.800350352765975
127,AAAUGCGCAACAAAAAGGAACCAUAUAUGCCACGAU,Direct,AUCGUGGCAUAUAUGGUUCCUUUUUGUUGCGCAUUUGGACUUUAGAACAGAGGAGAUAAAGAUGAAAUGCGCAACACCTGGCGGCAGCGCAAGAAGA,0.2375,0.3505,0.413,-10.002,16.437211005653875
128,AAUGCGCAACAAAAAGGAACCAUAUAUGCCACGAUA,Direct,UAUCGUGGCAUAUAUGGUUCCUUUUUGUUGCGCAUUGGACUUUAGAACAGAGGAGAUAAAGAUGAAUGCGCAACAACCTGGCGGCAGCGCAAGAAGA,0.2368,0.3463,0.4247,-9.515,16.558958281389028
129,AUGCGCAACAAAAAGGAACCAUAUAUGCCACGAUAU,Direct,AUAUCGUGGCAUAUAUGGUUCCUUUUUGUUGCGCAUGGACUUUAGAACAGAGGAGAUAAAGAUGAUGCGCAACAAACCTGGCGGCAGCGCAAGAAGA,0.2366,0.3424,0.4247,-9.125,16.764788281389034
130,UGCGCAACAAAAAGGAACCAUAUAUGCCACGAUAUG,Direct,CAUAUCGUGGCAUAUAUGGUUCCUUUUUGUUGCGCAGGACUUUAGAACAGAGGAGAUAAAGAUGUGCGCAACAAAACCTGGCGGCAGCGCAAGAAGA,0.2358,0.4141,0.4189,-11.58,13.369048194077399
131,GCGCAACAAAAAGGAACCAUAUAUGCCACGAUAUGG,Direct,CCAUAUCGUGGCAUAUAUGGUUCCUUUUUGUUGCGCGGACUUUAGAACAGAGGAGAUAAAGAUGGCGCAACAAAAACCTGGCGGCAGCGCAAGAAGA,0.2421,0.316,0.4481,-7.62,17.382157341089588
132,CGCAACAAAAAGGAACCAUAUAUGCCACGAUAUGGU,Direct,ACCAUAUCGUGGCAUAUAUGGUUCCUUUUUGUUGCGGGACUUUAGAACAGAGGAGAUAAAGAUGCGCAACAAAAAACCTGGCGGCAGCGCAAGAAGA,0.2571,0.3282,0.5347,-8.667,14.454165960298287
133,GCAACAAAAAGGAACCAUAUAUGCCACGAUAUGGUU,Direct,AACCAUAUCGUGGCAUAUAUGGUUCCUUUUUGUUGCGGACUUUAGAACAGAGGAGAUAAAGAUGGCAACAAAAAGACCTGGCGGCAGCGCAAGAAGA,0.2702,0.3378,0.6039,-8.063,11.767945549620048
134,CAACAAAAAGGAACCAUAUAUGCCACGAUAUGGUUU,Direct,AAACCAUAUCGUGGCAUAUAUGGUUCCUUUUUGUUGGGACUUUAGAACAGAGGAGAUAAAGAUGCAACAAAAAGGACCTGGCGGCAGCGCAAGAAGA,0.2643,0.3018,0.6096,-6.1,13.840718653282034
135,AACAAAAAGGAACCAUAUAUGCCACGAUAUGGUUUA,Direct,UAAACCAUAUCGUGGCAUAUAUGGUUCCUUUUUGUUGGACUUUAGAACAGAGGAGAUAAAGAUGAACAAAAAGGAACCTGGCGGCAGCGCAAGAAGA,0.2233,0.2963,0.5387,-5.833,18.377437348993414
136,ACAAAAAGGAACCAUAUAUGCCACGAUAUGGUUUAG,Direct,CUAAACCAUAUCGUGGCAUAUAUGGUUCCUUUUUGUGGACUUUAGAACAGAGGAGAUAAAGAUGACAAAAAGGAAACCTGGCGGCAGCGCAAGAAGA,0.2545,0.3207,0.4335,-6.552,16.442256776052393
137,CAAAAAGGAACCAUAUAUGCCACGAUAUGGUUUAGU,Direct,ACUAAACCAUAUCGUGGCAUAUAUGGUUCCUUUUUGGGACUUUAGAACAGAGGAGAUAAAGAUGCAAAAAGGAACACCTGGCGGCAGCGCAAGAAGA,0.2091,0.3453,0.3062,-8.474,19.75536665589064
138,AAAAAGGAACCAUAUAUGCCACGAUAUGGUUUAGUU,Direct,AACUAAACCAUAUCGUGGCAUAUAUGGUUCCUUUUUGGACUUUAGAACAGAGGAGAUAAAGAUGAAAAAGGAACCACCTGGCGGCAGCGCAAGAAGA,0.2067,0.3312,0.3016,-7.466,20.65675175900951
139,AAAAGGAACCAUAUAUGCCACGAUAUGGUUUAGUUC,Direct,GAACUAAACCAUAUCGUGGCAUAUAUGGUUCCUUUUGGACUUUAGAACAGAGGAGAUAAAGAUGAAAAGGAACCAACCTGGCGGCAGCGCAAGAAGA,0.1962,0.3253,0.2992,-7.173,21.718383940914556
140,AAAGGAACCAUAUAUGCCACGAUAUGGUUUAGUUCG,Direct,CGAACUAAACCAUAUCGUGGCAUAUAUGGUUCCUUUGGACUUUAGAACAGAGGAGAUAAAGAUGAAAGGAACCAUACCTGGCGGCAGCGCAAGAAGA,0.2034,0.3288,0.2962,-7.512,21.053959134081815
142,AGGAACCAUAUAUGCCACGAUAUGGUUUAGUUCGUA,Direct,UACGAACUAAACCAUAUCGUGGCAUAUAUGGUUCCUGGACUUUAGAACAGAGGAGAUAAAGAUGAGGAACCAUAUACCTGGCGGCAGCGCAAGAAGA,0.2125,0.3405,0.3186,-7.016,19.644856896950998
144,GAACCAUAUAUGCCACGAUAUGGUUUAGUUCGUAAU,Direct,AUUACGAACUAAACCAUAUCGUGGCAUAUAUGGUUCGGACUUUAGAACAGAGGAGAUAAAGAUGGAACCAUAUAUACCTGGCGGCAGCGCAAGAAGA,0.2092,0.3432,0.3362,-8.41,19.59657182380377
146,ACCAUAUAUGCCACGAUAUGGUUUAGUUCGUAAUCU,Direct,AGAUUACGAACUAAACCAUAUCGUGGCAUAUAUGGUGGACUUUAGAACAGAGGAGAUAAAGAUGACCAUAUAUGCACCTGGCGGCAGCGCAAGAAGA,0.2013,0.3182,0.3343,-6.778,21.40735137058318
147,CCAUAUAUGCCACGAUAUGGUUUAGUUCGUAAUCUG,Direct,CAGAUUACGAACUAAACCAUAUCGUGGCAUAUAUGGGGACUUUAGAACAGAGGAGAUAAAGAUGCCAUAUAUGCCACCTGGCGGCAGCGCAAGAAGA,0.1761,0.3693,0.3163,-10.436,20.85995255633079
148,CAUAUAUGCCACGAUAUGGUUUAGUUCGUAAUCUGC,Direct,GCAGAUUACGAACUAAACCAUAUCGUGGCAUAUAUGGGACUUUAGAACAGAGGAGAUAAAGAUGCAUAUAUGCCAACCTGGCGGCAGCGCAAGAAGA,0.1885,0.3901,0.1991,-11.265,19.77025431019349
149,AUAUAUGCCACGAUAUGGUUUAGUUCGUAAUCUGCG,Direct,CGCAGAUUACGAACUAAACCAUAUCGUGGCAUAUAUGGACUUUAGAACAGAGGAGAUAAAGAUGAUAUAUGCCACACCTGGCGGCAGCGCAAGAAGA,0.151,0.3354,0.1335,-8.406,25.488900703521267
150,UAUAUGCCACGAUAUGGUUUAGUUCGUAAUCUGCGC,Direct,GCGCAGAUUACGAACUAAACCAUAUCGUGGCAUAUAGGACUUUAGAACAGAGGAGAUAAAGAUGUAUAUGCCACGACCTGGCGGCAGCGCAAGAAGA,0.223,0.3796,0.1312,-9.619,18.167115335195767
151,AUAUGCCACGAUAUGGUUUAGUUCGUAAUCUGCGCG,Direct,CGCGCAGAUUACGAACUAAACCAUAUCGUGGCAUAUGGACUUUAGAACAGAGGAGAUAAAGAUGAUAUGCCACGAACCTGGCGGCAGCGCAAGAAGA,0.1879,0.3418,0.135,-8.469,22.521822663796943
152,UAUGCCACGAUAUGGUUUAGUUCGUAAUCUGCGCGA,Direct,UCGCGCAGAUUACGAACUAAACCAUAUCGUGGCAUAGGACUUUAGAACAGAGGAGAUAAAGAUGUAUGCCACGAUACCTGGCGGCAGCGCAAGAAGA,0.212,0.3857,0.2153,-10.315,18.2049610563789
154,UGCCACGAUAUGGUUUAGUUCGUAAUCUGCGCGAUG,Direct,CAUCGCGCAGAUUACGAACUAAACCAUAUCGUGGCAGGACUUUAGAACAGAGGAGAUAAAGAUGUGCCACGAUAUACCTGGCGGCAGCGCAAGAAGA,0.1814,0.3751,0.2308,-8.774,20.822551496632467
156,CCACGAUAUGGUUUAGUUCGUAAUCUGCGCGAUGGA,Direct,UCCAUCGCGCAGAUUACGAACUAAACCAUAUCGUGGGGACUUUAGAACAGAGGAGAUAAAGAUGCCACGAUAUGGACCTGGCGGCAGCGCAAGAAGA,0.1797,0.3545,0.2539,-8.19,21.802530527680926
157,CACGAUAUGGUUUAGUUCGUAAUCUGCGCGAUGGAA,Direct,UUCCAUCGCGCAGAUUACGAACUAAACCAUAUCGUGGGACUUUAGAACAGAGGAGAUAAAGAUGCACGAUAUGGUACCTGGCGGCAGCGCAAGAAGA,0.1893,0.3565,0.317,-7.312,20.53613460583953
158,ACGAUAUGGUUUAGUUCGUAAUCUGCGCGAUGGAAG,Direct,CUUCCAUCGCGCAGAUUACGAACUAAACCAUAUCGUGGACUUUAGAACAGAGGAGAUAAAGAUGACGAUAUGGUUACCTGGCGGCAGCGCAAGAAGA,0.2364,0.3777,0.3234,-8.675,16.063989197450187
159,CGAUAUGGUUUAGUUCGUAAUCUGCGCGAUGGAAGU,Direct,ACUUCCAUCGCGCAGAUUACGAACUAAACCAUAUCGGGACUUUAGAACAGAGGAGAUAAAGAUGCGAUAUGGUUUACCTGGCGGCAGCGCAAGAAGA,0.2601,0.3459,0.3305,-8.916,15.864722481795857
161,AUAUGGUUUAGUUCGUAAUCUGCGCGAUGGAAGUUU,Direct,AAACUUCCAUCGCGCAGAUUACGAACUAAACCAUAUGGACUUUAGAACAGAGGAGAUAAAGAUGAUAUGGUUUAGACCTGGCGGCAGCGCAAGAAGA,0.2412,0.3476,0.2947,-8.401,17.432368978786112
162,UAUGGUUUAGUUCGUAAUCUGCGCGAUGGAAGUUUG,Direct,CAAACUUCCAUCGCGCAGAUUACGAACUAAACCAUAGGACUUUAGAACAGAGGAGAUAAAGAUGUAUGGUUUAGUACCTGGCGGCAGCGCAAGAAGA,0.2623,0.3677,0.2285,-8.569,15.400036185533533
164,UGGUUUAGUUCGUAAUCUGCGCGAUGGAAGUUUGGC,Direct,GCCAAACUUCCAUCGCGCAGAUUACGAACUAAACCAGGACUUUAGAACAGAGGAGAUAAAGAUGUGGUUUAGUUCACCTGGCGGCAGCGCAAGAAGA,0.2157,0.4454,0.2007,-9.173,15.095480178617308
165,GGUUUAGUUCGUAAUCUGCGCGAUGGAAGUUUGGCU,Direct,AGCCAAACUUCCAUCGCGCAGAUUACGAACUAAACCGGACUUUAGAACAGAGGAGAUAAAGAUGGGUUUAGUUCGACCTGGCGGCAGCGCAAGAAGA,0.2202,0.4036,0.2072,-9.455,16.786931200210415
168,UUAGUUCGUAAUCUGCGCGAUGGAAGUUUGGCUCGC,Direct,GCGAGCCAAACUUCCAUCGCGCAGAUUACGAACUAAGGACUUUAGAACAGAGGAGAUAAAGAUGUUAGUUCGUAAACCTGGCGGCAGCGCAAGAAGA,0.2106,0.396,0.3199,-9.359,17.04506928939132
171,GUUCGUAAUCUGCGCGAUGGAAGUUUGGCUCGCUAU,Direct,AUAGCGAGCCAAACUUCCAUCGCGCAGAUUACGAACGGACUUUAGAACAGAGGAGAUAAAGAUGGUUCGUAAUCUACCTGGCGGCAGCGCAAGAAGA,0.201,0.408,0.3225,-12.027,17.122120256534124
174,CGUAAUCUGCGCGAUGGAAGUUUGGCUCGCUAUGCU,Direct,AGCAUAGCGAGCCAAACUUCCAUCGCGCAGAUUACGGGACUUUAGAACAGAGGAGAUAAAGAUGCGUAAUCUGCGACCTGGCGGCAGCGCAAGAAGA,0.2089,0.4306,0.2048,-12.731,16.285665396175663
175,GUAAUCUGCGCGAUGGAAGUUUGGCUCGCUAUGCUU,Direct,AAGCAUAGCGAGCCAAACUUCCAUCGCGCAGAUUACGGACUUUAGAACAGAGGAGAUAAAGAUGGUAAUCUGCGCACCTGGCGGCAGCGCAAGAAGA,0.2039,0.4174,0.199,-12.047,17.32622427871187
177,AAUCUGCGCGAUGGAAGUUUGGCUCGCUAUGCUUUU,Direct,AAAAGCAUAGCGAGCCAAACUUCCAUCGCGCAGAUUGGACUUUAGAACAGAGGAGAUAAAGAUGAAUCUGCGCGAACCTGGCGGCAGCGCAAGAAGA,0.2012,0.4161,0.1976,-12.467,17.59174487926665
178,AUCUGCGCGAUGGAAGUUUGGCUCGCUAUGCUUUUG,Direct,CAAAAGCAUAGCGAGCCAAACUUCCAUCGCGCAGAUGGACUUUAGAACAGAGGAGAUAAAGAUGAUCUGCGCGAUACCTGGCGGCAGCGCAAGAAGA,0.1898,0.4081,0.1726,-12.744,18.940780849590524
180,CUGCGCGAUGGAAGUUUGGCUCGCUAUGCUUUUGAC,Direct,GUCAAAAGCAUAGCGAGCCAAACUUCCAUCGCGCAGGGACUUUAGAACAGAGGAGAUAAAGAUGCUGCGCGAUGGACCTGGCGGCAGCGCAAGAAGA,0.2171,0.3922,0.1752,-11.645,17.750118912197703
181,UGCGCGAUGGAAGUUUGGCUCGCUAUGCUUUUGACU,Direct,AGUCAAAAGCAUAGCGAGCCAAACUUCCAUCGCGCAGGACUUUAGAACAGAGGAGAUAAAGAUGUGCGCGAUGGAACCTGGCGGCAGCGCAAGAAGA,0.2191,0.3766,0.1908,-10.559,18.28661157101651
182,GCGCGAUGGAAGUUUGGCUCGCUAUGCUUUUGACUU,Direct,AAGUCAAAAGCAUAGCGAGCCAAACUUCCAUCGCGCGGACUUUAGAACAGAGGAGAUAAAGAUGGCGCGAUGGAAACCTGGCGGCAGCGCAAGAAGA,0.1995,0.3494,0.1625,-9.328,21.180560213853656
183,CGCGAUGGAAGUUUGGCUCGCUAUGCUUUUGACUUU,Direct,AAAGUCAAAAGCAUAGCGAGCCAAACUUCCAUCGCGGGACUUUAGAACAGAGGAGAUAAAGAUGCGCGAUGGAAGACCTGGCGGCAGCGCAAGAAGA,0.1986,0.3747,0.1614,-11.041,20.008542981420696
184,GCGAUGGAAGUUUGGCUCGCUAUGCUUUUGACUUUU,Direct,AAAAGUCAAAAGCAUAGCGAGCCAAACUUCCAUCGCGGACUUUAGAACAGAGGAGAUAAAGAUGGCGAUGGAAGUACCTGGCGGCAGCGCAAGAAGA,0.1999,0.3545,0.1617,-9.135,20.905605068154486
185,CGAUGGAAGUUUGGCUCGCUAUGCUUUUGACUUUUA,Direct,UAAAAGUCAAAAGCAUAGCGAGCCAAACUUCCAUCGGGACUUUAGAACAGAGGAGAUAAAGAUGCGAUGGAAGUUACCTGGCGGCAGCGCAAGAAGA,0.2014,0.392,0.1628,-9.736,18.951116982525228
186,GAUGGAAGUUUGGCUCGCUAUGCUUUUGACUUUUAU,Direct,AUAAAAGUCAAAAGCAUAGCGAGCCAAACUUCCAUCGGACUUUAGAACAGAGGAGAUAAAGAUGGAUGGAAGUUUACCTGGCGGCAGCGCAAGAAGA,0.2058,0.4278,0.1636,-9.631,16.873707922381683
0,CAUAAAAGUCAAAAGCAUAGCGAGCCAAACUUCCAU,Reversed Complement,AUGGAAGUUUGGCUCGCUAUGCUUUUGACUUUUAUGGGACUUUAGAACAGAGGAGAUAAAGAUGCAUAAAAGUCAACCTGGCGGCAGCGCAAGAAGA,0.2749,0.3849,0.4737,-8.062,11.311412226974962
1,AUAAAAGUCAAAAGCAUAGCGAGCCAAACUUCCAUC,Reversed Complement,GAUGGAAGUUUGGCUCGCUAUGCUUUUGACUUUUAUGGACUUUAGAACAGAGGAGAUAAAGAUGAUAAAAGUCAAACCTGGCGGCAGCGCAAGAAGA,0.2806,0.3929,0.4755,-8.604,10.485273069821002
3,AAAAGUCAAAAGCAUAGCGAGCCAAACUUCCAUCGC,Reversed Complement,GCGAUGGAAGUUUGGCUCGCUAUGCUUUUGACUUUUGGACUUUAGAACAGAGGAGAUAAAGAUGAAAAGUCAAAAACCTGGCGGCAGCGCAAGAAGA,0.2679,0.3571,0.4144,-8.744,13.917615059029515
4,AAAGUCAAAAGCAUAGCGAGCCAAACUUCCAUCGCG,Reversed Complement,CGCGAUGGAAGUUUGGCUCGCUAUGCUUUUGACUUUGGACUUUAGAACAGAGGAGAUAAAGAUGAAAGUCAAAAGACCTGGCGGCAGCGCAAGAAGA,0.264,0.3527,0.3776,-10.423,14.807907795340055
5,AAGUCAAAAGCAUAGCGAGCCAAACUUCCAUCGCGC,Reversed Complement,GCGCGAUGGAAGUUUGGCUCGCUAUGCUUUUGACUUGGACUUUAGAACAGAGGAGAUAAAGAUGAAGUCAAAAGCACCTGGCGGCAGCGCAAGAAGA,0.3124,0.3658,0.3956,-7.919,10.507049132615057
6,AGUCAAAAGCAUAGCGAGCCAAACUUCCAUCGCGCA,Reversed Complement,UGCGCGAUGGAAGUUUGGCUCGCUAUGCUUUUGACUGGACUUUAGAACAGAGGAGAUAAAGAUGAGUCAAAAGCAACCTGGCGGCAGCGCAAGAAGA,0.3115,0.3265,0.3958,-7.298,12.499067623903123
7,GUCAAAAGCAUAGCGAGCCAAACUUCCAUCGCGCAG,Reversed Complement,CUGCGCGAUGGAAGUUUGGCUCGCUAUGCUUUUGACGGACUUUAGAACAGAGGAGAUAAAGAUGGUCAAAAGCAUACCTGGCGGCAGCGCAAGAAGA,0.3032,0.3435,0.3948,-8.237,12.270171825711714
9,CAAAAGCAUAGCGAGCCAAACUUCCAUCGCGCAGAU,Reversed Complement,AUCUGCGCGAUGGAAGUUUGGCUCGCUAUGCUUUUGGGACUUUAGAACAGAGGAGAUAAAGAUGCAAAAGCAUAGACCTGGCGGCAGCGCAAGAAGA,0.2849,0.3849,0.4007,-10.522,11.485961331341807
10,AAAAGCAUAGCGAGCCAAACUUCCAUCGCGCAGAUU,Reversed Complement,AAUCUGCGCGAUGGAAGUUUGGCUCGCUAUGCUUUUGGACUUUAGAACAGAGGAGAUAAAGAUGAAAAGCAUAGCACCTGGCGGCAGCGCAAGAAGA,0.2745,0.333,0.3939,-8.876,14.85310813967434
12,AAGCAUAGCGAGCCAAACUUCCAUCGCGCAGAUUAC,Reversed Complement,GUAAUCUGCGCGAUGGAAGUUUGGCUCGCUAUGCUUGGACUUUAGAACAGAGGAGAUAAAGAUGAAGCAUAGCGAACCTGGCGGCAGCGCAAGAAGA,0.2727,0.3345,0.3602,-6.961,15.249134411960295
13,AGCAUAGCGAGCCAAACUUCCAUCGCGCAGAUUACG,Reversed Complement,CGUAAUCUGCGCGAUGGAAGUUUGGCUCGCUAUGCUGGACUUUAGAACAGAGGAGAUAAAGAUGAGCAUAGCGAGACCTGGCGGCAGCGCAAGAAGA,0.2718,0.3323,0.368,-6.924,15.346000195065255
15,CAUAGCGAGCCAAACUUCCAUCGCGCAGAUUACGAA,Reversed Complement,UUCGUAAUCUGCGCGAUGGAAGUUUGGCUCGCUAUGGGACUUUAGAACAGAGGAGAUAAAGAUGCAUAGCGAGCCACCTGGCGGCAGCGCAAGAAGA,0.2513,0.4014,0.3288,-12.511,13.78544743930372
16,AUAGCGAGCCAAACUUCCAUCGCGCAGAUUACGAAC,Reversed Complement,GUUCGUAAUCUGCGCGAUGGAAGUUUGGCUCGCUAUGGACUUUAGAACAGAGGAGAUAAAGAUGAUAGCGAGCCAACCTGGCGGCAGCGCAAGAAGA,0.2628,0.3513,0.3327,-10.97,15.386703245907379
18,AGCGAGCCAAACUUCCAUCGCGCAGAUUACGAACUA,Reversed Complement,UAGUUCGUAAUCUGCGCGAUGGAAGUUUGGCUCGCUGGACUUUAGAACAGAGGAGAUAAAGAUGAGCGAGCCAAAACCTGGCGGCAGCGCAAGAAGA,0.2361,0.3663,0.3279,-11.807,16.60650891869569
19,GCGAGCCAAACUUCCAUCGCGCAGAUUACGAACUAA,Reversed Complement,UUAGUUCGUAAUCUGCGCGAUGGAAGUUUGGCUCGCGGACUUUAGAACAGAGGAGAUAAAGAUGGCGAGCCAAACACCTGGCGGCAGCGCAAGAAGA,0.2291,0.3644,0.3909,-11.397,16.59834206302808
20,CGAGCCAAACUUCCAUCGCGCAGAUUACGAACUAAA,Reversed Complement,UUUAGUUCGUAAUCUGCGCGAUGGAAGUUUGGCUCGGGACUUUAGAACAGAGGAGAUAAAGAUGCGAGCCAAACUACCTGGCGGCAGCGCAAGAAGA,0.2329,0.3814,0.3852,-12.175,15.550777290869851
21,GAGCCAAACUUCCAUCGCGCAGAUUACGAACUAAAC,Reversed Complement,GUUUAGUUCGUAAUCUGCGCGAUGGAAGUUUGGCUCGGACUUUAGAACAGAGGAGAUAAAGAUGGAGCCAAACUUACCTGGCGGCAGCGCAAGAAGA,0.2332,0.3411,0.3125,-8.803,18.18208072670584
22,AGCCAAACUUCCAUCGCGCAGAUUACGAACUAAACC,Reversed Complement,GGUUUAGUUCGUAAUCUGCGCGAUGGAAGUUUGGCUGGACUUUAGAACAGAGGAGAUAAAGAUGAGCCAAACUUCACCTGGCGGCAGCGCAAGAAGA,0.2064,0.3463,0.3133,-9.372,19.841703747595005
23,GCCAAACUUCCAUCGCGCAGAUUACGAACUAAACCA,Reversed Complement,UGGUUUAGUUCGUAAUCUGCGCGAUGGAAGUUUGGCGGACUUUAGAACAGAGGAGAUAAAGAUGGCCAAACUUCCACCTGGCGGCAGCGCAAGAAGA,0.2216,0.3378,0.3164,-9.033,19.143416488834166
24,CCAAACUUCCAUCGCGCAGAUUACGAACUAAACCAU,Reversed Complement,AUGGUUUAGUUCGUAAUCUGCGCGAUGGAAGUUUGGGGACUUUAGAACAGAGGAGAUAAAGAUGCCAAACUUCCAACCTGGCGGCAGCGCAAGAAGA,0.2332,0.3379,0.3171,-9.033,18.30092671157852
25,CAAACUUCCAUCGCGCAGAUUACGAACUAAACCAUA,Reversed Complement,UAUGGUUUAGUUCGUAAUCUGCGCGAUGGAAGUUUGGGACUUUAGAACAGAGGAGAUAAAGAUGCAAACUUCCAUACCTGGCGGCAGCGCAAGAAGA,0.2786,0.3417,0.3137,-9.13,14.887509063468139
26,AAACUUCCAUCGCGCAGAUUACGAACUAAACCAUAU,Reversed Complement,AUAUGGUUUAGUUCGUAAUCUGCGCGAUGGAAGUUUGGACUUUAGAACAGAGGAGAUAAAGAUGAAACUUCCAUCACCTGGCGGCAGCGCAAGAAGA,0.2706,0.3802,0.3129,-9.983,13.577384300291095
27,AACUUCCAUCGCGCAGAUUACGAACUAAACCAUAUC,Reversed Complement,GAUAUGGUUUAGUUCGUAAUCUGCGCGAUGGAAGUUGGACUUUAGAACAGAGGAGAUAAAGAUGAACUUCCAUCGACCTGGCGGCAGCGCAAGAAGA,0.2541,0.3778,0.3671,-10.278,14.389867219771967
28,ACUUCCAUCGCGCAGAUUACGAACUAAACCAUAUCG,Reversed Complement,CGAUAUGGUUUAGUUCGUAAUCUGCGCGAUGGAAGUGGACUUUAGAACAGAGGAGAUAAAGAUGACUUCCAUCGCACCTGGCGGCAGCGCAAGAAGA,0.2266,0.364,0.4186,-11.187,16.492049816748487
29,CUUCCAUCGCGCAGAUUACGAACUAAACCAUAUCGU,Reversed Complement,ACGAUAUGGUUUAGUUCGUAAUCUGCGCGAUGGAAGGGACUUUAGAACAGAGGAGAUAAAGAUGCUUCCAUCGCGACCTGGCGGCAGCGCAAGAAGA,0.2289,0.3851,0.4251,-10.841,15.215617017872695
30,UUCCAUCGCGCAGAUUACGAACUAAACCAUAUCGUG,Reversed Complement,CACGAUAUGGUUUAGUUCGUAAUCUGCGCGAUGGAAGGACUUUAGAACAGAGGAGAUAAAGAUGUUCCAUCGCGCACCTGGCGGCAGCGCAAGAAGA,0.2357,0.3698,0.4257,-14.706,15.47223914312806
31,UCCAUCGCGCAGAUUACGAACUAAACCAUAUCGUGG,Reversed Complement,CCACGAUAUGGUUUAGUUCGUAAUCUGCGCGAUGGAGGACUUUAGAACAGAGGAGAUAAAGAUGUCCAUCGCGCAACCTGGCGGCAGCGCAAGAAGA,0.2262,0.4048,0.4177,-15.322,14.527785334308792
32,CCAUCGCGCAGAUUACGAACUAAACCAUAUCGUGGC,Reversed Complement,GCCACGAUAUGGUUUAGUUCGUAAUCUGCGCGAUGGGGACUUUAGAACAGAGGAGAUAAAGAUGCCAUCGCGCAGACCTGGCGGCAGCGCAAGAAGA,0.2388,0.4095,0.4156,-13.008,13.417599050605425
33,CAUCGCGCAGAUUACGAACUAAACCAUAUCGUGGCA,Reversed Complement,UGCCACGAUAUGGUUUAGUUCGUAAUCUGCGCGAUGGGACUUUAGAACAGAGGAGAUAAAGAUGCAUCGCGCAGAACCTGGCGGCAGCGCAAGAAGA,0.2231,0.4103,0.4157,-10.73,14.502869576899737
34,AUCGCGCAGAUUACGAACUAAACCAUAUCGUGGCAU,Reversed Complement,AUGCCACGAUAUGGUUUAGUUCGUAAUCUGCGCGAUGGACUUUAGAACAGAGGAGAUAAAGAUGAUCGCGCAGAUACCTGGCGGCAGCGCAAGAAGA,0.2278,0.3833,0.4121,-9.847,15.53237762607207
35,UCGCGCAGAUUACGAACUAAACCAUAUCGUGGCAUA,Reversed Complement,UAUGCCACGAUAUGGUUUAGUUCGUAAUCUGCGCGAGGACUUUAGAACAGAGGAGAUAAAGAUGUCGCGCAGAUUACCTGGCGGCAGCGCAAGAAGA,0.256,0.4493,0.4451,-14.134,9.878144898161839
37,GCGCAGAUUACGAACUAAACCAUAUCGUGGCAUAUA,Reversed Complement,UAUAUGCCACGAUAUGGUUUAGUUCGUAAUCUGCGCGGACUUUAGAACAGAGGAGAUAAAGAUGGCGCAGAUUACACCTGGCGGCAGCGCAAGAAGA,0.2324,0.3391,0.4568,-7.826,16.83224674345136
38,CGCAGAUUACGAACUAAACCAUAUCGUGGCAUAUAU,Reversed Complement,AUAUAUGCCACGAUAUGGUUUAGUUCGUAAUCUGCGGGACUUUAGAACAGAGGAGAUAAAGAUGCGCAGAUUACGACCTGGCGGCAGCGCAAGAAGA,0.2449,0.3691,0.4613,-10.137,14.40428990558653
39,GCAGAUUACGAACUAAACCAUAUCGUGGCAUAUAUG,Reversed Complement,CAUAUAUGCCACGAUAUGGUUUAGUUCGUAAUCUGCGGACUUUAGAACAGAGGAGAUAAAGAUGGCAGAUUACGAACCTGGCGGCAGCGCAAGAAGA,0.2479,0.3137,0.4553,-5.903,16.987423356499193
40,CAGAUUACGAACUAAACCAUAUCGUGGCAUAUAUGG,Reversed Complement,CCAUAUAUGCCACGAUAUGGUUUAGUUCGUAAUCUGGGACUUUAGAACAGAGGAGAUAAAGAUGCAGAUUACGAAACCTGGCGGCAGCGCAAGAAGA,0.2403,0.3157,0.4703,-5.833,17.23613598482025
41,AGAUUACGAACUAAACCAUAUCGUGGCAUAUAUGGU,Reversed Complement,ACCAUAUAUGCCACGAUAUGGUUUAGUUCGUAAUCUGGACUUUAGAACAGAGGAGAUAAAGAUGAGAUUACGAACACCTGGCGGCAGCGCAAGAAGA,0.2568,0.3041,0.5485,-5.833,15.426087374267393
42,GAUUACGAACUAAACCAUAUCGUGGCAUAUAUGGUU,Reversed Complement,AACCAUAUAUGCCACGAUAUGGUUUAGUUCGUAAUCGGACUUUAGAACAGAGGAGAUAAAGAUGGAUUACGAACUACCTGGCGGCAGCGCAAGAAGA,0.284,0.3475,0.616,-6.954,10.049507717504692
44,UUACGAACUAAACCAUAUCGUGGCAUAUAUGGUUCC,Reversed Complement,GGAACCAUAUAUGCCACGAUAUGGUUUAGUUCGUAAGGACUUUAGAACAGAGGAGAUAAAGAUGUUACGAACUAAACCTGGCGGCAGCGCAAGAAGA,0.2211,0.3456,0.5528,-6.771,15.873485823511185
45,UACGAACUAAACCAUAUCGUGGCAUAUAUGGUUCCU,Reversed Complement,AGGAACCAUAUAUGCCACGAUAUGGUUUAGUUCGUAGGACUUUAGAACAGAGGAGAUAAAGAUGUACGAACUAAAACCTGGCGGCAGCGCAAGAAGA,0.2882,0.3142,0.475,-5.833,13.811383940248717
47,CGAACUAAACCAUAUCGUGGCAUAUAUGGUUCCUUU,Reversed Complement,AAAGGAACCAUAUAUGCCACGAUAUGGUUUAGUUCGGGACUUUAGAACAGAGGAGAUAAAGAUGCGAACUAAACCACCTGGCGGCAGCGCAAGAAGA,0.1771,0.3495,0.1781,-8.094,22.699004369292183
48,GAACUAAACCAUAUCGUGGCAUAUAUGGUUCCUUUU,Reversed Complement,AAAAGGAACCAUAUAUGCCACGAUAUGGUUUAGUUCGGACUUUAGAACAGAGGAGAUAAAGAUGGAACUAAACCAACCTGGCGGCAGCGCAAGAAGA,0.1661,0.3679,0.1562,-7.836,22.69927469750685
51,CUAAACCAUAUCGUGGCAUAUAUGGUUCCUUUUUGU,Reversed Complement,ACAAAAAGGAACCAUAUAUGCCACGAUAUGGUUUAGGGACUUUAGAACAGAGGAGAUAAAGAUGCUAAACCAUAUACCTGGCGGCAGCGCAAGAAGA,0.1606,0.3677,0.152,-8.784,23.124618050478
53,AAACCAUAUCGUGGCAUAUAUGGUUCCUUUUUGUUG,Reversed Complement,CAACAAAAAGGAACCAUAUAUGCCACGAUAUGGUUUGGACUUUAGAACAGAGGAGAUAAAGAUGAAACCAUAUCGACCTGGCGGCAGCGCAAGAAGA,0.1533,0.3667,0.1521,-10.295,23.696627138607806
54,AACCAUAUCGUGGCAUAUAUGGUUCCUUUUUGUUGC,Reversed Complement,GCAACAAAAAGGAACCAUAUAUGCCACGAUAUGGUUGGACUUUAGAACAGAGGAGAUAAAGAUGAACCAUAUCGUACCTGGCGGCAGCGCAAGAAGA,0.1581,0.389,0.1891,-9.542,22.061055232415537
56,CCAUAUCGUGGCAUAUAUGGUUCCUUUUUGUUGCGC,Reversed Complement,GCGCAACAAAAAGGAACCAUAUAUGCCACGAUAUGGGGACUUUAGAACAGAGGAGAUAAAGAUGCCAUAUCGUGGACCTGGCGGCAGCGCAAGAAGA,0.1888,0.3834,0.05697,-10.814,20.743717152753376
57,CAUAUCGUGGCAUAUAUGGUUCCUUUUUGUUGCGCA,Reversed Complement,UGCGCAACAAAAAGGAACCAUAUAUGCCACGAUAUGGGACUUUAGAACAGAGGAGAUAAAGAUGCAUAUCGUGGCACCTGGCGGCAGCGCAAGAAGA,0.2177,0.3713,0.07506,-10.106,19.196393402500185
58,AUAUCGUGGCAUAUAUGGUUCCUUUUUGUUGCGCAU,Reversed Complement,AUGCGCAACAAAAAGGAACCAUAUAUGCCACGAUAUGGACUUUAGAACAGAGGAGAUAAAGAUGAUAUCGUGGCAACCTGGCGGCAGCGCAAGAAGA,0.2048,0.3592,0.1148,-9.346,20.548739276221394
59,UAUCGUGGCAUAUAUGGUUCCUUUUUGUUGCGCAUU,Reversed Complement,AAUGCGCAACAAAAAGGAACCAUAUAUGCCACGAUAGGACUUUAGAACAGAGGAGAUAAAGAUGUAUCGUGGCAUACCTGGCGGCAGCGCAAGAAGA,0.221,0.3829,0.1264,-9.821,18.17084800189239
61,UCGUGGCAUAUAUGGUUCCUUUUUGUUGCGCAUUUC,Reversed Complement,GAAAUGCGCAACAAAAAGGAACCAUAUAUGCCACGAGGACUUUAGAACAGAGGAGAUAAAGAUGUCGUGGCAUAUACCTGGCGGCAGCGCAAGAAGA,0.2185,0.3877,0.09865,-9.125,18.23734255348636
63,GUGGCAUAUAUGGUUCCUUUUUGUUGCGCAUUUCUA,Reversed Complement,UAGAAAUGCGCAACAAAAAGGAACCAUAUAUGCCACGGACUUUAGAACAGAGGAGAUAAAGAUGGUGGCAUAUAUACCTGGCGGCAGCGCAAGAAGA,0.2035,0.3657,0.0825,-8.973,20.459836316982777
65,GGCAUAUAUGGUUCCUUUUUGUUGCGCAUUUCUAUA,Reversed Complement,UAUAGAAAUGCGCAACAAAAAGGAACCAUAUAUGCCGGACUUUAGAACAGAGGAGAUAAAGAUGGGCAUAUAUGGACCTGGCGGCAGCGCAAGAAGA,0.2017,0.3266,0.08544,-6.531,22.4967960233098
66,GCAUAUAUGGUUCCUUUUUGUUGCGCAUUUCUAUAU,Reversed Complement,AUAUAGAAAUGCGCAACAAAAAGGAACCAUAUAUGCGGACUUUAGAACAGAGGAGAUAAAGAUGGCAUAUAUGGUACCTGGCGGCAGCGCAAGAAGA,0.2015,0.3511,0.08778,-7.311,21.298628061607584
67,CAUAUAUGGUUCCUUUUUGUUGCGCAUUUCUAUAUA,Reversed Complement,UAUAUAGAAAUGCGCAACAAAAAGGAACCAUAUAUGGGACUUUAGAACAGAGGAGAUAAAGAUGCAUAUAUGGUUACCTGGCGGCAGCGCAAGAAGA,0.2015,0.3343,0.09263,-8.675,22.10347430644646
68,AUAUAUGGUUCCUUUUUGUUGCGCAUUUCUAUAUAC,Reversed Complement,GUAUAUAGAAAUGCGCAACAAAAAGGAACCAUAUAUGGACUUUAGAACAGAGGAGAUAAAGAUGAUAUAUGGUUCACCTGGCGGCAGCGCAAGAAGA,0.1777,0.4086,0.293,-7.77,19.003469206075394
69,UAUAUGGUUCCUUUUUGUUGCGCAUUUCUAUAUACG,Reversed Complement,CGUAUAUAGAAAUGCGCAACAAAAAGGAACCAUAUAGGACUUUAGAACAGAGGAGAUAAAGAUGUAUAUGGUUCCACCTGGCGGCAGCGCAAGAAGA,0.2004,0.4261,0.3482,-9.848,16.048386226159693
70,AUAUGGUUCCUUUUUGUUGCGCAUUUCUAUAUACGC,Reversed Complement,GCGUAUAUAGAAAUGCGCAACAAAAAGGAACCAUAUGGACUUUAGAACAGAGGAGAUAAAGAUGAUAUGGUUCCUACCTGGCGGCAGCGCAAGAAGA,0.2375,0.386,0.4657,-11.069,14.046875685097625
71,UAUGGUUCCUUUUUGUUGCGCAUUUCUAUAUACGCU,Reversed Complement,AGCGUAUAUAGAAAUGCGCAACAAAAAGGAACCAUAGGACUUUAGAACAGAGGAGAUAAAGAUGUAUGGUUCCUUACCTGGCGGCAGCGCAAGAAGA,0.238,0.3803,0.4657,-10.324,14.290895685097627
72,AUGGUUCCUUUUUGUUGCGCAUUUCUAUAUACGCUU,Reversed Complement,AAGCGUAUAUAGAAAUGCGCAACAAAAAGGAACCAUGGACUUUAGAACAGAGGAGAUAAAGAUGAUGGUUCCUUUACCTGGCGGCAGCGCAAGAAGA,0.2385,0.4102,0.4657,-12.211,12.786955685097631
73,UGGUUCCUUUUUGUUGCGCAUUUCUAUAUACGCUUC,Reversed Complement,GAAGCGUAUAUAGAAAUGCGCAACAAAAAGGAACCAGGACUUUAGAACAGAGGAGAUAAAGAUGUGGUUCCUUUUACCTGGCGGCAGCGCAAGAAGA,0.2393,0.4238,0.4682,-12.516,12.028407624771138
74,GGUUCCUUUUUGUUGCGCAUUUCUAUAUACGCUUCU,Reversed Complement,AGAAGCGUAUAUAGAAAUGCGCAACAAAAAGGAACCGGACUUUAGAACAGAGGAGAUAAAGAUGGGUUCCUUUUUACCTGGCGGCAGCGCAAGAAGA,0.2394,0.4356,0.4658,-12.422,11.473953559600911
76,UUCCUUUUUGUUGCGCAUUUCUAUAUACGCUUCUGC,Reversed Complement,GCAGAAGCGUAUAUAGAAAUGCGCAACAAAAAGGAAGGACUUUAGAACAGAGGAGAUAAAGAUGUUCCUUUUUGUACCTGGCGGCAGCGCAAGAAGA,0.2373,0.4463,0.4654,-11.925,11.104479570393725
77,UCCUUUUUGUUGCGCAUUUCUAUAUACGCUUCUGCA,Reversed Complement,UGCAGAAGCGUAUAUAGAAAUGCGCAACAAAAAGGAGGACUUUAGAACAGAGGAGAUAAAGAUGUCCUUUUUGUUACCTGGCGGCAGCGCAAGAAGA,0.253,0.4913,0.4577,-13.429,7.870531179441078
79,CUUUUUGUUGCGCAUUUCUAUAUACGCUUCUGCAAC,Reversed Complement,GUUGCAGAAGCGUAUAUAGAAAUGCGCAACAAAAAGGGACUUUAGAACAGAGGAGAUAAAGAUGCUUUUUGUUGCACCTGGCGGCAGCGCAAGAAGA,0.2348,0.4679,0.2955,-13.157,11.978259233909167
80,UUUUUGUUGCGCAUUUCUAUAUACGCUUCUGCAACA,Reversed Complement,UGUUGCAGAAGCGUAUAUAGAAAUGCGCAACAAAAAGGACUUUAGAACAGAGGAGAUAAAGAUGUUUUUGUUGCGACCTGGCGGCAGCGCAAGAAGA,0.2467,0.4599,0.2788,-10.186,11.645316528091861
81,UUUUGUUGCGCAUUUCUAUAUACGCUUCUGCAACAU,Reversed Complement,AUGUUGCAGAAGCGUAUAUAGAAAUGCGCAACAAAAGGACUUUAGAACAGAGGAGAUAAAGAUGUUUUGUUGCGCACCTGGCGGCAGCGCAAGAAGA,0.2288,0.4729,0.395,-12.247,11.248975652036773
82,UUUGUUGCGCAUUUCUAUAUACGCUUCUGCAACAUC,Reversed Complement,GAUGUUGCAGAAGCGUAUAUAGAAAUGCGCAACAAAGGACUUUAGAACAGAGGAGAUAAAGAUGUUUGUUGCGCAACCTGGCGGCAGCGCAAGAAGA,0.2226,0.4439,0.404,-12.874,13.0198959841432
83,UUGUUGCGCAUUUCUAUAUACGCUUCUGCAACAUCU,Reversed Complement,AGAUGUUGCAGAAGCGUAUAUAGAAAUGCGCAACAAGGACUUUAGAACAGAGGAGAUAAAGAUGUUGUUGCGCAUACCTGGCGGCAGCGCAAGAAGA,0.2264,0.4465,0.4085,-11.919,12.569980293185857
84,UGUUGCGCAUUUCUAUAUACGCUUCUGCAACAUCUG,Reversed Complement,CAGAUGUUGCAGAAGCGUAUAUAGAAAUGCGCAACAGGACUUUAGAACAGAGGAGAUAAAGAUGUGUUGCGCAUUACCTGGCGGCAGCGCAAGAAGA,0.2291,0.4645,0.4133,-14.703,11.438699127008961
85,GUUGCGCAUUUCUAUAUACGCUUCUGCAACAUCUGA,Reversed Complement,UCAGAUGUUGCAGAAGCGUAUAUAGAAAUGCGCAACGGACUUUAGAACAGAGGAGAUAAAGAUGGUUGCGCAUUUACCTGGCGGCAGCGCAAGAAGA,0.2271,0.3961,0.4117,-10.483,14.958592539184062
86,UUGCGCAUUUCUAUAUACGCUUCUGCAACAUCUGAG,Reversed Complement,CUCAGAUGUUGCAGAAGCGUAUAUAGAAAUGCGCAAGGACUUUAGAACAGAGGAGAUAAAGAUGUUGCGCAUUUCACCTGGCGGCAGCGCAAGAAGA,0.2204,0.4017,0.4105,-10.894,15.177503616893901
87,UGCGCAUUUCUAUAUACGCUUCUGCAACAUCUGAGA,Reversed Complement,UCUCAGAUGUUGCAGAAGCGUAUAUAGAAAUGCGCAGGACUUUAGAACAGAGGAGAUAAAGAUGUGCGCAUUUCUACCTGGCGGCAGCGCAAGAAGA,0.243,0.3984,0.3965,-10.365,13.872721818202937
89,CGCAUUUCUAUAUACGCUUCUGCAACAUCUGAGAAA,Reversed Complement,UUUCUCAGAUGUUGCAGAAGCGUAUAUAGAAAUGCGGGACUUUAGAACAGAGGAGAUAAAGAUGCGCAUUUCUAUACCTGGCGGCAGCGCAAGAAGA,0.3242,0.4025,0.4147,-9.946,7.648358342031715
91,CAUUUCUAUAUACGCUUCUGCAACAUCUGAGAAAUG,Reversed Complement,CAUUUCUCAGAUGUUGCAGAAGCGUAUAUAGAAAUGGGACUUUAGAACAGAGGAGAUAAAGAUGCAUUUCUAUAUACCTGGCGGCAGCGCAAGAAGA,0.3077,0.4077,0.467,-11.621,7.9307156142061
93,UUUCUAUAUACGCUUCUGCAACAUCUGAGAAAUGUG,Reversed Complement,CACAUUUCUCAGAUGUUGCAGAAGCGUAUAUAGAAAGGACUUUAGAACAGAGGAGAUAAAGAUGUUUCUAUAUACACCTGGCGGCAGCGCAAGAAGA,0.2548,0.4048,0.4878,-11.232,11.57865336205731
94,UUCUAUAUACGCUUCUGCAACAUCUGAGAAAUGUGC,Reversed Complement,GCACAUUUCUCAGAUGUUGCAGAAGCGUAUAUAGAAGGACUUUAGAACAGAGGAGAUAAAGAUGUUCUAUAUACGACCTGGCGGCAGCGCAAGAAGA,0.2617,0.3878,0.5885,-10.626,10.23053764091065
95,UCUAUAUACGCUUCUGCAACAUCUGAGAAAUGUGCC,Reversed Complement,GGCACAUUUCUCAGAUGUUGCAGAAGCGUAUAUAGAGGACUUUAGAACAGAGGAGAUAAAGAUGUCUAUAUACGCACCTGGCGGCAGCGCAAGAAGA,0.2665,0.3666,0.5889,-10.555,10.919479692666267
96,CUAUAUACGCUUCUGCAACAUCUGAGAAAUGUGCCA,Reversed Complement,UGGCACAUUUCUCAGAUGUUGCAGAAGCGUAUAUAGGGACUUUAGAACAGAGGAGAUAAAGAUGCUAUAUACGCUACCTGGCGGCAGCGCAAGAAGA,0.2677,0.3776,0.5908,-9.664,10.256070993675188
97,UAUAUACGCUUCUGCAACAUCUGAGAAAUGUGCCAU,Reversed Complement,AUGGCACAUUUCUCAGAUGUUGCAGAAGCGUAUAUAGGACUUUAGAACAGAGGAGAUAAAGAUGUAUAUACGCUUACCTGGCGGCAGCGCAAGAAGA,0.2664,0.3527,0.5913,-8.416,11.562026690624837
98,AUAUACGCUUCUGCAACAUCUGAGAAAUGUGCCAUG,Reversed Complement,CAUGGCACAUUUCUCAGAUGUUGCAGAAGCGUAUAUGGACUUUAGAACAGAGGAGAUAAAGAUGAUAUACGCUUCACCTGGCGGCAGCGCAAGAAGA,0.2673,0.3488,0.5899,-10.608,11.716512110855522
99,UAUACGCUUCUGCAACAUCUGAGAAAUGUGCCAUGA,Reversed Complement,UCAUGGCACAUUUCUCAGAUGUUGCAGAAGCGUAUAGGACUUUAGAACAGAGGAGAUAAAGAUGUAUACGCUUCUACCTGGCGGCAGCGCAAGAAGA,0.2776,0.4045,0.5701,-12.378,8.619823925499837
101,UACGCUUCUGCAACAUCUGAGAAAUGUGCCAUGAUU,Reversed Complement,AAUCAUGGCACAUUUCUCAGAUGUUGCAGAAGCGUAGGACUUUAGAACAGAGGAGAUAAAGAUGUACGCUUCUGCACCTGGCGGCAGCGCAAGAAGA,0.2335,0.4217,0.4204,-13.015,13.143491568626876
102,ACGCUUCUGCAACAUCUGAGAAAUGUGCCAUGAUUU,Reversed Complement,AAAUCAUGGCACAUUUCUCAGAUGUUGCAGAAGCGUGGACUUUAGAACAGAGGAGAUAAAGAUGACGCUUCUGCAACCTGGCGGCAGCGCAAGAAGA,0.2392,0.4565,0.4195,-14.826,11.03651525539313
103,CGCUUCUGCAACAUCUGAGAAAUGUGCCAUGAUUUG,Reversed Complement,CAAAUCAUGGCACAUUUCUCAGAUGUUGCAGAAGCGGGACUUUAGAACAGAGGAGAUAAAGAUGCGCUUCUGCAAACCTGGCGGCAGCGCAAGAAGA,0.278,0.4657,0.3701,-18.333,8.330827220524142
104,GCUUCUGCAACAUCUGAGAAAUGUGCCAUGAUUUGC,Reversed Complement,GCAAAUCAUGGCACAUUUCUCAGAUGUUGCAGAAGCGGACUUUAGAACAGAGGAGAUAAAGAUGGCUUCUGCAACACCTGGCGGCAGCGCAAGAAGA,0.255,0.4069,0.2615,-11.743,13.7777572624167
105,CUUCUGCAACAUCUGAGAAAUGUGCCAUGAUUUGCC,Reversed Complement,GGCAAAUCAUGGCACAUUUCUCAGAUGUUGCAGAAGGGACUUUAGAACAGAGGAGAUAAAGAUGCUUCUGCAACAACCTGGCGGCAGCGCAAGAAGA,0.2002,0.3906,0.2207,-10.958,18.777206157887846
106,UUCUGCAACAUCUGAGAAAUGUGCCAUGAUUUGCCU,Reversed Complement,AGGCAAAUCAUGGCACAUUUCUCAGAUGUUGCAGAAGGACUUUAGAACAGAGGAGAUAAAGAUGUUCUGCAACAUACCTGGCGGCAGCGCAAGAAGA,0.1983,0.4017,0.2108,-10.676,18.42891433064231
107,UCUGCAACAUCUGAGAAAUGUGCCAUGAUUUGCCUA,Reversed Complement,UAGGCAAAUCAUGGCACAUUUCUCAGAUGUUGCAGAGGACUUUAGAACAGAGGAGAUAAAGAUGUCUGCAACAUCACCTGGCGGCAGCGCAAGAAGA,0.1694,0.4153,0.2097,-11.698,19.839890707296053
108,CUGCAACAUCUGAGAAAUGUGCCAUGAUUUGCCUAA,Reversed Complement,UUAGGCAAAUCAUGGCACAUUUCUCAGAUGUUGCAGGGACUUUAGAACAGAGGAGAUAAAGAUGCUGCAACAUCUACCTGGCGGCAGCGCAAGAAGA,0.1673,0.3668,0.1878,-11.784,22.498729715447574
110,GCAACAUCUGAGAAAUGUGCCAUGAUUUGCCUAAGU,Reversed Complement,ACUUAGGCAAAUCAUGGCACAUUUCUCAGAUGUUGCGGACUUUAGAACAGAGGAGAUAAAGAUGGCAACAUCUGAACCTGGCGGCAGCGCAAGAAGA,0.1639,0.4161,0.1861,-14.87,20.331374150672797
111,CAACAUCUGAGAAAUGUGCCAUGAUUUGCCUAAGUG,Reversed Complement,CACUUAGGCAAAUCAUGGCACAUUUCUCAGAUGUUGGGACUUUAGAACAGAGGAGAUAAAGAUGCAACAUCUGAGACCTGGCGGCAGCGCAAGAAGA,0.1776,0.4074,0.1864,-11.881,19.77458231687465
113,ACAUCUGAGAAAUGUGCCAUGAUUUGCCUAAGUGUU,Reversed Complement,AACACUUAGGCAAAUCAUGGCACAUUUCUCAGAUGUGGACUUUAGAACAGAGGAGAUAAAGAUGACAUCUGAGAAACCTGGCGGCAGCGCAAGAAGA,0.1753,0.3541,0.1893,-9.734,22.54028037764939
114,CAUCUGAGAAAUGUGCCAUGAUUUGCCUAAGUGUUG,Reversed Complement,CAACACUUAGGCAAAUCAUGGCACAUUUCUCAGAUGGGACUUUAGAACAGAGGAGAUAAAGAUGCAUCUGAGAAAACCTGGCGGCAGCGCAAGAAGA,0.1671,0.3391,0.1896,-8.406,23.86303177973793
117,CUGAGAAAUGUGCCAUGAUUUGCCUAAGUGUUGGUU,Reversed Complement,AACCAACACUUAGGCAAAUCAUGGCACAUUUCUCAGGGACUUUAGAACAGAGGAGAUAAAGAUGCUGAGAAAUGUACCTGGCGGCAGCGCAAGAAGA,0.1726,0.3411,0.1917,-7.692,23.358617265061717
119,GAGAAAUGUGCCAUGAUUUGCCUAAGUGUUGGUUUU,Reversed Complement,AAAACCAACACUUAGGCAAAUCAUGGCACAUUUCUCGGACUUUAGAACAGAGGAGAUAAAGAUGGAGAAAUGUGCACCTGGCGGCAGCGCAAGAAGA,0.1514,0.3609,0.12,-8.284,24.270669003934934
120,AGAAAUGUGCCAUGAUUUGCCUAAGUGUUGGUUUUG,Reversed Complement,CAAAACCAACACUUAGGCAAAUCAUGGCACAUUUCUGGACUUUAGAACAGAGGAGAUAAAGAUGAGAAAUGUGCCACCTGGCGGCAGCGCAAGAAGA,0.1595,0.3497,0.1143,-8.948,24.26542746664541
121,GAAAUGUGCCAUGAUUUGCCUAAGUGUUGGUUUUGC,Reversed Complement,GCAAAACCAACACUUAGGCAAAUCAUGGCACAUUUCGGACUUUAGAACAGAGGAGAUAAAGAUGGAAAUGUGCCAACCTGGCGGCAGCGCAAGAAGA,0.1679,0.3606,0.1895,-9.666,22.75058482121633
122,AAAUGUGCCAUGAUUUGCCUAAGUGUUGGUUUUGCA,Reversed Complement,UGCAAAACCAACACUUAGGCAAAUCAUGGCACAUUUGGACUUUAGAACAGAGGAGAUAAAGAUGAAAUGUGCCAUACCTGGCGGCAGCGCAAGAAGA,0.1892,0.3763,0.2647,-9.358,19.975415856842204
124,AUGUGCCAUGAUUUGCCUAAGUGUUGGUUUUGCAUU,Reversed Complement,AAUGCAAAACCAACACUUAGGCAAAUCAUGGCACAUGGACUUUAGAACAGAGGAGAUAAAGAUGAUGUGCCAUGAACCTGGCGGCAGCGCAAGAAGA,0.1851,0.3687,0.2716,-8.92,20.592905970600288
125,UGUGCCAUGAUUUGCCUAAGUGUUGGUUUUGCAUUC,Reversed Complement,GAAUGCAAAACCAACACUUAGGCAAAUCAUGGCACAGGACUUUAGAACAGAGGAGAUAAAGAUGUGUGCCAUGAUACCTGGCGGCAGCGCAAGAAGA,0.1868,0.413,0.2711,-10.935,18.29951906353022
127,UGCCAUGAUUUGCCUAAGUGUUGGUUUUGCAUUCUC,Reversed Complement,GAGAAUGCAAAACCAACACUUAGGCAAAUCAUGGCAGGACUUUAGAACAGAGGAGAUAAAGAUGUGCCAUGAUUUACCTGGCGGCAGCGCAAGAAGA,0.1754,0.3748,0.1488,-8.774,21.730795044168666
130,CAUGAUUUGCCUAAGUGUUGGUUUUGCAUUCUCAAC,Reversed Complement,GUUGAGAAUGCAAAACCAACACUUAGGCAAAUCAUGGGACUUUAGAACAGAGGAGAUAAAGAUGCAUGAUUUGCCACCTGGCGGCAGCGCAAGAAGA,0.202,0.4114,0.3399,-10.375,16.731091699580052
131,AUGAUUUGCCUAAGUGUUGGUUUUGCAUUCUCAACG,Reversed Complement,CGUUGAGAAUGCAAAACCAACACUUAGGCAAAUCAUGGACUUUAGAACAGAGGAGAUAAAGAUGAUGAUUUGCCUACCTGGCGGCAGCGCAAGAAGA,0.2178,0.3746,0.3473,-10.081,17.337754791065034
133,GAUUUGCCUAAGUGUUGGUUUUGCAUUCUCAACGAU,Reversed Complement,AUCGUUGAGAAUGCAAAACCAACACUUAGGCAAAUCGGACUUUAGAACAGAGGAGAUAAAGAUGGAUUUGCCUAAACCTGGCGGCAGCGCAAGAAGA,0.2102,0.3481,0.3374,-9.886,19.273588459687254
134,AUUUGCCUAAGUGUUGGUUUUGCAUUCUCAACGAUU,Reversed Complement,AAUCGUUGAGAAUGCAAAACCAACACUUAGGCAAAUGGACUUUAGAACAGAGGAGAUAAAGAUGAUUUGCCUAAGACCTGGCGGCAGCGCAAGAAGA,0.2068,0.364,0.3366,-9.983,18.743811813689536
137,UGCCUAAGUGUUGGUUUUGCAUUCUCAACGAUUGGU,Reversed Complement,ACCAAUCGUUGAGAAUGCAAAACCAACACUUAGGCAGGACUUUAGAACAGAGGAGAUAAAGAUGUGCCUAAGUGUACCTGGCGGCAGCGCAAGAAGA,0.2068,0.3883,0.2438,-8.651,18.268299782150656
140,CUAAGUGUUGGUUUUGCAUUCUCAACGAUUGGUUUC,Reversed Complement,GAAACCAAUCGUUGAGAAUGCAAAACCAACACUUAGGGACUUUAGAACAGAGGAGAUAAAGAUGCUAAGUGUUGGACCTGGCGGCAGCGCAAGAAGA,0.1796,0.3893,0.2572,-8.945,20.078194654465413
142,AAGUGUUGGUUUUGCAUUCUCAACGAUUGGUUUCAG,Reversed Complement,CUGAAACCAAUCGUUGAGAAUGCAAAACCAACACUUGGACUUUAGAACAGAGGAGAUAAAGAUGAAGUGUUGGUUACCTGGCGGCAGCGCAAGAAGA,0.1847,0.3849,0.2618,-8.923,19.89635234761324
143,AGUGUUGGUUUUGCAUUCUCAACGAUUGGUUUCAGU,Reversed Complement,ACUGAAACCAAUCGUUGAGAAUGCAAAACCAACACUGGACUUUAGAACAGAGGAGAUAAAGAUGAGUGUUGGUUUACCTGGCGGCAGCGCAAGAAGA,0.1865,0.3734,0.2635,-9.165,20.31992039131913
144,GUGUUGGUUUUGCAUUCUCAACGAUUGGUUUCAGUG,Reversed Complement,CACUGAAACCAAUCGUUGAGAAUGCAAAACCAACACGGACUUUAGAACAGAGGAGAUAAAGAUGGUGUUGGUUUUACCTGGCGGCAGCGCAAGAAGA,0.1958,0.3795,0.3023,-8.358,19.06115624093604
146,GUUGGUUUUGCAUUCUCAACGAUUGGUUUCAGUGGG,Reversed Complement,CCCACUGAAACCAAUCGUUGAGAAUGCAAAACCAACGGACUUUAGAACAGAGGAGAUAAAGAUGGUUGGUUUUGCACCTGGCGGCAGCGCAAGAAGA,0.2158,0.3995,0.3389,-9.16,16.334905367989876
147,UUGGUUUUGCAUUCUCAACGAUUGGUUUCAGUGGGU,Reversed Complement,ACCCACUGAAACCAAUCGUUGAGAAUGCAAAACCAAGGACUUUAGAACAGAGGAGAUAAAGAUGUUGGUUUUGCAACCTGGCGGCAGCGCAAGAAGA,0.2104,0.3943,0.3529,-8.868,16.849048900102478
148,UGGUUUUGCAUUCUCAACGAUUGGUUUCAGUGGGUA,Reversed Complement,UACCCACUGAAACCAAUCGUUGAGAAUGCAAAACCAGGACUUUAGAACAGAGGAGAUAAAGAUGUGGUUUUGCAUACCTGGCGGCAGCGCAAGAAGA,0.2126,0.3998,0.3693,-9.226,16.26359623887849
149,GGUUUUGCAUUCUCAACGAUUGGUUUCAGUGGGUAU,Reversed Complement,AUACCCACUGAAACCAAUCGUUGAGAAUGCAAAACCGGACUUUAGAACAGAGGAGAUAAAGAUGGGUUUUGCAUUACCTGGCGGCAGCGCAAGAAGA,0.2083,0.4302,0.3477,-9.254,15.28525941479164
150,GUUUUGCAUUCUCAACGAUUGGUUUCAGUGGGUAUU,Reversed Complement,AAUACCCACUGAAACCAAUCGUUGAGAAUGCAAAACGGACUUUAGAACAGAGGAGAUAAAGAUGGUUUUGCAUUCACCTGGCGGCAGCGCAAGAAGA,0.1998,0.4025,0.34,-9.656,17.3249217911937
151,UUUUGCAUUCUCAACGAUUGGUUUCAGUGGGUAUUC,Reversed Complement,GAAUACCCACUGAAACCAAUCGUUGAGAAUGCAAAAGGACUUUAGAACAGAGGAGAUAAAGAUGUUUUGCAUUCUACCTGGCGGCAGCGCAAGAAGA,0.1873,0.4341,0.2645,-10.561,17.275088828431425
152,UUUGCAUUCUCAACGAUUGGUUUCAGUGGGUAUUCG,Reversed Complement,CGAAUACCCACUGAAACCAAUCGUUGAGAAUGCAAAGGACUUUAGAACAGAGGAGAUAAAGAUGUUUGCAUUCUCACCTGGCGGCAGCGCAAGAAGA,0.1673,0.4246,0.1839,-12.692,19.682456598656316
153,UUGCAUUCUCAACGAUUGGUUUCAGUGGGUAUUCGA,Reversed Complement,UCGAAUACCCACUGAAACCAAUCGUUGAGAAUGCAAGGACUUUAGAACAGAGGAGAUAAAGAUGUUGCAUUCUCAACCTGGCGGCAGCGCAAGAAGA,0.1848,0.4073,0.1838,-12.791,19.277689721979836
154,UGCAUUCUCAACGAUUGGUUUCAGUGGGUAUUCGAC,Reversed Complement,GUCGAAUACCCACUGAAACCAAUCGUUGAGAAUGCAGGACUUUAGAACAGAGGAGAUAAAGAUGUGCAUUCUCAAACCTGGCGGCAGCGCAAGAAGA,0.1725,0.3842,0.1918,-11.452,21.249010348129424
155,GCAUUCUCAACGAUUGGUUUCAGUGGGUAUUCGACU,Reversed Complement,AGUCGAAUACCCACUGAAACCAAUCGUUGAGAAUGCGGACUUUAGAACAGAGGAGAUAAAGAUGGCAUUCUCAACACCTGGCGGCAGCGCAAGAAGA,0.172,0.36,0.2231,-10.844,22.28665901965038
156,CAUUCUCAACGAUUGGUUUCAGUGGGUAUUCGACUU,Reversed Complement,AAGUCGAAUACCCACUGAAACCAAUCGUUGAGAAUGGGACUUUAGAACAGAGGAGAUAAAGAUGCAUUCUCAACGACCTGGCGGCAGCGCAAGAAGA,0.1909,0.3517,0.2366,-10.542,21.252865068897318
157,AUUCUCAACGAUUGGUUUCAGUGGGUAUUCGACUUG,Reversed Complement,CAAGUCGAAUACCCACUGAAACCAAUCGUUGAGAAUGGACUUUAGAACAGAGGAGAUAAAGAUGAUUCUCAACGAACCTGGCGGCAGCGCAAGAAGA,0.1779,0.3526,0.2397,-10.759,22.12046490431864
158,UUCUCAACGAUUGGUUUCAGUGGGUAUUCGACUUGU,Reversed Complement,ACAAGUCGAAUACCCACUGAAACCAAUCGUUGAGAAGGACUUUAGAACAGAGGAGAUAAAGAUGUUCUCAACGAUACCTGGCGGCAGCGCAAGAAGA,0.1817,0.3807,0.2445,-11.805,20.436457029042227
159,UCUCAACGAUUGGUUUCAGUGGGUAUUCGACUUGUU,Reversed Complement,AACAAGUCGAAUACCCACUGAAACCAAUCGUUGAGAGGACUUUAGAACAGAGGAGAUAAAGAUGUCUCAACGAUUACCTGGCGGCAGCGCAAGAAGA,0.1814,0.3852,0.2443,-12.229,20.238353142193226
161,UCAACGAUUGGUUUCAGUGGGUAUUCGACUUGUUCA,Reversed Complement,UGAACAAGUCGAAUACCCACUGAAACCAAUCGUUGAGGACUUUAGAACAGAGGAGAUAAAGAUGUCAACGAUUGGACCTGGCGGCAGCGCAAGAAGA,0.1698,0.3643,0.2136,-7.911,22.29178549954775
162,CAACGAUUGGUUUCAGUGGGUAUUCGACUUGUUCAU,Reversed Complement,AUGAACAAGUCGAAUACCCACUGAAACCAAUCGUUGGGACUUUAGAACAGAGGAGAUAAAGAUGCAACGAUUGGUACCTGGCGGCAGCGCAAGAAGA,0.1692,0.3537,0.2133,-7.384,22.857085304532582
163,AACGAUUGGUUUCAGUGGGUAUUCGACUUGUUCAUC,Reversed Complement,GAUGAACAAGUCGAAUACCCACUGAAACCAAUCGUUGGACUUUAGAACAGAGGAGAUAAAGAUGAACGAUUGGUUACCTGGCGGCAGCGCAAGAAGA,0.1794,0.3708,0.2365,-8.88,21.14025697265811
164,ACGAUUGGUUUCAGUGGGUAUUCGACUUGUUCAUCU,Reversed Complement,AGAUGAACAAGUCGAAUACCCACUGAAACCAAUCGUGGACUUUAGAACAGAGGAGAUAAAGAUGACGAUUGGUUUACCTGGCGGCAGCGCAAGAAGA,0.1789,0.3415,0.2359,-9.121,22.618644129638184
165,CGAUUGGUUUCAGUGGGUAUUCGACUUGUUCAUCUC,Reversed Complement,GAGAUGAACAAGUCGAAUACCCACUGAAACCAAUCGGGACUUUAGAACAGAGGAGAUAAAGAUGCGAUUGGUUUCACCTGGCGGCAGCGCAAGAAGA,0.1862,0.3889,0.2325,-9.84,19.789897148980454
166,GAUUGGUUUCAGUGGGUAUUCGACUUGUUCAUCUCC,Reversed Complement,GGAGAUGAACAAGUCGAAUACCCACUGAAACCAAUCGGACUUUAGAACAGAGGAGAUAAAGAUGGAUUGGUUUCAACCTGGCGGCAGCGCAAGAAGA,0.2063,0.396,0.3433,-9.938,17.14816685569062
167,AUUGGUUUCAGUGGGUAUUCGACUUGUUCAUCUCCA,Reversed Complement,UGGAGAUGAACAAGUCGAAUACCCACUGAAACCAAUGGACUUUAGAACAGAGGAGAUAAAGAUGAUUGGUUUCAGACCTGGCGGCAGCGCAAGAAGA,0.209,0.3849,0.3869,-10.069,17.074893979444056
168,UUGGUUUCAGUGGGUAUUCGACUUGUUCAUCUCCAU,Reversed Complement,AUGGAGAUGAACAAGUCGAAUACCCACUGAAACCAAGGACUUUAGAACAGAGGAGAUAAAGAUGUUGGUUUCAGUACCTGGCGGCAGCGCAAGAAGA,0.1984,0.4038,0.3286,-9.976,17.462275218445154
170,GGUUUCAGUGGGUAUUCGACUUGUUCAUCUCCAUCC,Reversed Complement,GGAUGGAGAUGAACAAGUCGAAUACCCACUGAAACCGGACUUUAGAACAGAGGAGAUAAAGAUGGGUUUCAGUGGACCTGGCGGCAGCGCAAGAAGA,0.1896,0.3854,0.2935,-9.766,19.285469368372073
171,GUUUCAGUGGGUAUUCGACUUGUUCAUCUCCAUCCA,Reversed Complement,UGGAUGGAGAUGAACAAGUCGAAUACCCACUGAAACGGACUUUAGAACAGAGGAGAUAAAGAUGGUUUCAGUGGGACCTGGCGGCAGCGCAAGAAGA,0.1827,0.423,0.2808,-10.566,18.03098616561565
172,UUUCAGUGGGUAUUCGACUUGUUCAUCUCCAUCCAU,Reversed Complement,AUGGAUGGAGAUGAACAAGUCGAAUACCCACUGAAAGGACUUUAGAACAGAGGAGAUAAAGAUGUUUCAGUGGGUACCTGGCGGCAGCGCAAGAAGA,0.1935,0.4255,0.2521,-9.538,17.33932236728943
174,UCAGUGGGUAUUCGACUUGUUCAUCUCCAUCCAUCA,Reversed Complement,UGAUGGAUGGAGAUGAACAAGUCGAAUACCCACUGAGGACUUUAGAACAGAGGAGAUAAAGAUGUCAGUGGGUAUACCTGGCGGCAGCGCAAGAAGA,0.1887,0.3852,0.2688,-10.025,19.544908532923593
175,CAGUGGGUAUUCGACUUGUUCAUCUCCAUCCAUCAU,Reversed Complement,AUGAUGGAUGGAGAUGAACAAGUCGAAUACCCACUGGGACUUUAGAACAGAGGAGAUAAAGAUGCAGUGGGUAUUACCTGGCGGCAGCGCAAGAAGA,0.1891,0.4118,0.2737,-10.803,18.17457497916142
176,AGUGGGUAUUCGACUUGUUCAUCUCCAUCCAUCAUA,Reversed Complement,UAUGAUGGAUGGAGAUGAACAAGUCGAAUACCCACUGGACUUUAGAACAGAGGAGAUAAAGAUGAGUGGGUAUUCACCTGGCGGCAGCGCAAGAAGA,0.1804,0.3996,0.2532,-9.171,19.542742259947232
177,GUGGGUAUUCGACUUGUUCAUCUCCAUCCAUCAUAA,Reversed Complement,UUAUGAUGGAUGGAGAUGAACAAGUCGAAUACCCACGGACUUUAGAACAGAGGAGAUAAAGAUGGUGGGUAUUCGACCTGGCGGCAGCGCAAGAAGA,0.1941,0.3631,0.2367,-9.217,20.4630329618445
178,UGGGUAUUCGACUUGUUCAUCUCCAUCCAUCAUAAC,Reversed Complement,GUUAUGAUGGAUGGAGAUGAACAAGUCGAAUACCCAGGACUUUAGAACAGAGGAGAUAAAGAUGUGGGUAUUCGAACCTGGCGGCAGCGCAAGAAGA,0.1812,0.3466,0.2504,-8.109,22.106824512815876
179,GGGUAUUCGACUUGUUCAUCUCCAUCCAUCAUAACC,Reversed Complement,GGUUAUGAUGGAUGGAGAUGAACAAGUCGAAUACCCGGACUUUAGAACAGAGGAGAUAAAGAUGGGGUAUUCGACACCTGGCGGCAGCGCAAGAAGA,0.1829,0.3601,0.2574,-8.558,21.273913705366393
180,GGUAUUCGACUUGUUCAUCUCCAUCCAUCAUAACCC,Reversed Complement,GGGUUAUGAUGGAUGGAGAUGAACAAGUCGAAUACCGGACUUUAGAACAGAGGAGAUAAAGAUGGGUAUUCGACUACCTGGCGGCAGCGCAAGAAGA,0.185,0.369,0.2638,-9.087,20.64138224691248
181,GUAUUCGACUUGUUCAUCUCCAUCCAUCAUAACCCA,Reversed Complement,UGGGUUAUGAUGGAUGGAGAUGAACAAGUCGAAUACGGACUUUAGAACAGAGGAGAUAAAGAUGGUAUUCGACUUACCTGGCGGCAGCGCAAGAAGA,0.178,0.3713,0.1818,-8.686,21.543876048663623
183,AUUCGACUUGUUCAUCUCCAUCCAUCAUAACCCAAA,Reversed Complement,UUUGGGUUAUGAUGGAUGGAGAUGAACAAGUCGAAUGGACUUUAGAACAGAGGAGAUAAAGAUGAUUCGACUUGUACCTGGCGGCAGCGCAAGAAGA,0.2033,0.3997,0.3536,-9.094,17.086412821675168
184,UUCGACUUGUUCAUCUCCAUCCAUCAUAACCCAAAC,Reversed Complement,GUUUGGGUUAUGAUGGAUGGAGAUGAACAAGUCGAAGGACUUUAGAACAGAGGAGAUAAAGAUGUUCGACUUGUUACCTGGCGGCAGCGCAAGAAGA,0.2017,0.3939,0.3179,-10.103,17.803164144131884
185,UCGACUUGUUCAUCUCCAUCCAUCAUAACCCAAACU,Reversed Complement,AGUUUGGGUUAUGAUGGAUGGAGAUGAACAAGUCGAGGACUUUAGAACAGAGGAGAUAAAGAUGUCGACUUGUUCACCTGGCGGCAGCGCAAGAAGA,0.1988,0.4759,0.3205,-11.207,13.962962303349952
186,CGACUUGUUCAUCUCCAUCCAUCAUAACCCAAACUC,Reversed Complement,GAGUUUGGGUUAUGAUGGAUGGAGAUGAACAAGUCGGGACUUUAGAACAGAGGAGAUAAAGAUGCGACUUGUUCAACCTGGCGGCAGCGCAAGAAGA,0.2007,0.4129,0.3144,-10.067,16.97120840947938
187,GACUUGUUCAUCUCCAUCCAUCAUAACCCAAACUCC,Reversed Complement,GGAGUUUGGGUUAUGAUGGAUGGAGAUGAACAAGUCGGACUUUAGAACAGAGGAGAUAAAGAUGGACUUGUUCAUACCTGGCGGCAGCGCAAGAAGA,0.1936,0.4102,0.3113,-10.535,17.63848529966003
